id,sf_participant,region,gender,age,edu,status,hh_mem,agri_long,irriga,loan,Non-Farm Act,other_inc,agri Org_mem,Year,crop1,land_crop1_in,price_crop1_in,Tot_Yield_crop1,Avg_Prod_Crop1,ProductivityCrop1_Ch,Land_Proportion_Crop1,Weight_ProduCrop1_Ch,crop2,land_crop2,price_crop2,Tot_Yield_crop2,Avg_Prod_Crop2,ProductivityCrop2_Ch,Land_Proportion_Crop2,Weight_ProduCrop2_Ch,crop3,round_crop3,land_crop3,Tot_Yield_crop3,price_crop3,Avg_Prod_Crop3,ProductivityCrop3_Ch,Land_Proportion_Crop3,Weight_ProduCrop3_Ch,Produtivity_Ch(All),Ave_ProdRisk,Ave_InputRisk,Ave_MktRisk,Ave_InfRisk,Ave_FinRisk,Overview_Risk,gov_support,29.agri_learning_chan,31.agri_tech_adapt,31.1Adapt_tech_prod,31.2farm_manag,31.3agri_entrep,31.4val_added,Avg_ProdManage,Avg_InputManage,Avg_Tech,Avg_Ana&Plan,Avg_Mkting,Avg_Network,All_Skill,Ch_ProdManage,Ch_InputManage,Ch_Tech,Ch_Ana&Plan,Ch_Mkting,Ch_Network,Ch_Skill
22,0,5,1,30,5,1,5,12,0,1,1,400000,0,1,1,2,7.8,1800,900,0.384615385,1,0.384615385,,,,,,,0,0,,,,,,,,0,0,0.384615385,4,4.333333333,4,4.5,4,4.166666667,4,3,1,1,1,1,0,3,3.33,3.5,3,2.33,3,3.03,0.2,0,0.25,0.2,0.67,0,0.22
22,0,5,1,30,5,1,5,12,0,1,1,0,0,0,1,2,10,1300,650,-0.78,1,-0.78,,,,,,,0,0,,,,,,,,0,0,,4,4.333333333,4,4.5,4,4.166666667,4,3,1,1,1,1,0,2.8,3.33,3.25,2.8,1.67,3,2.81,-1.8,-0.333333333,-1.25,-1.4,-2.666666667,-1.75,-1.533333333
24,1,1,0,47,5,1,6,20,1,1,1,100000,1,1,1,13,11,39000,3000,0,0.68,0,8,3,8,3000,1000,0,0.157894737,0,7,1,3,100,20,33.33333333,0,0.157894737,0,0,2.5,2.333333333,1.666666667,1.5,3.5,,2,5,,,,,,4.6,3.67,4.5,4.2,4.33,4.75,4.34,-0.4,-0.666666667,0.5,0,1.666666667,0.5,0.266666667
24,1,1,0,47,5,1,6,20,1,1,1,.,1,0,1,13,11,39000,3000,0.5,0.68,0.34,8,3,8,3000,1000,15.66666667,0.157894737,2.473684211,7,1,3,100,20,33.33333333,,0.157894737,0,,2.5,2.333333333,1.666666667,1.5,3.5,2.3,2,5,,,,,,5,4.33,4,4.2,2.67,4.25,4.08,1.6,0,0.5,2,-1.333333333,0.25,0.502777778
25,1,1,0,75,1,4,5,39,1,0,0,0,0,1,1,32,10,64000,2000,0,0.96,0,8,1.25,100,75,60,0,0.037593985,0,,,,,,,,0,0,0,1.5,3,5,4.5,3.5,3.5,5,5,,,,,,3.4,4.33,3.5,2.2,4,4,3.57,0.6,-0.333333333,2,-0.4,2,2.5,1.061111111
25,1,1,0,75,1,4,5,39,1,0,0,0,0,0,1,32,10,64000,2000,5.67,0.96,5.45,8,1.25,100,75,60,,0.037593985,0,,,,,,,,0,0,,1.5,3,5,4.5,3.5,3.5,5,5,,,,,,2.8,4.67,1.5,2.6,2,1.5,2.51,-2,1,-2.75,-1.6,-2,-3,-1.725
27,1,5,1,56,2,2,3,40,1,0,1,100000,1,1,1,10,5,3000,300,0,1,0,,,,,,,0,0,,,,,,,,0,0,0,1.5,1,1.333333333,4,3.5,2.266666667,1,5,,,,,,4.8,3.67,4.25,4.2,4,4.5,4.24,1.6,0,0.75,0.8,0.333333333,1.25,0.788888889
27,1,5,1,56,2,2,3,40,1,0,1,100000,1,0,1,10,5,3000,300,-0.81,1,-0.81,,,,,,,0,0,,,,,,,,0,0,,1.5,1,1.333333333,4,3.5,2.266666667,1,5,,,,,,3.2,3.67,3.5,3.4,3.67,3.25,3.45,-1.4,-1,-0.75,-1,0,-1.5,-0.941666667
28,1,1,1,38,5,2,3,15,1,0,1,150000,1,1,1,10,29,16000,1600,0,1,0,,,,,,,0,0,,,,,,,,0,0,0,1.5,1.333333333,1.333333333,1.5,2.5,1.633333333,1,5,,,,,,4.6,4.67,4.25,4.4,3.67,4.75,4.39,-0.4,0.333333333,-0.5,-0.6,1.333333333,0,0.027777778
28,1,1,1,38,5,2,3,15,1,0,1,150000,1,0,1,10,29,16000,1600,2.2,1,2.2,,,,,,,0,0,,,,,,,,0,0,,1.5,1.333333333,1.333333333,1.5,2.5,1.633333333,1,5,,,,,,5,4.33,4.75,5,2.33,4.75,4.36,1,0.333333333,1,1,-1.666666667,0.75,0.402777778
30,1,3,1,35,5,2,6,10,0,1,1,100000,1,1,8,4,20,2000,500,0,0.67,0,7,2,80,1000,500,0,0.333333333,0,,,,,,,,0,0,0,4.5,3.666666667,3.333333333,3,3.5,3.6,4,2,1,1,1,1,1,4,4,3.75,4,4,4,3.96,0,0.666666667,-0.5,0.6,1,1.25,0.502777778
30,1,3,1,35,5,2,6,10,0,1,1,100000,1,0,8,4,20,2000,500,-1,0.67,-0.66,7,2,80,1000,500,-0.6875,0.333333333,-0.229166667,,,,,,,,0,0,,4.5,3.666666667,3.333333333,3,3.5,3.6,4,2,1,1,1,1,1,4,3.33,4.25,3.4,3,2.75,3.46,-0.8,-0.666666667,0.75,-0.8,-0.666666667,-1,-0.530555556
31,1,1,1,59,6,2,4,18,1,0,0,0,1,1,8,1,120,120000,120000,0,0.09,0,1,10,10,16000,1600,0,0.909090909,0,,,,,,,,0,0,0,1.75,2.666666667,2.333333333,3.5,2,2.45,4,5,,,,,,4.8,4,3.5,4.2,3.67,3.75,3.99,0.2,0.666666667,0.5,0.8,0.666666667,-0.25,0.430555556
31,1,1,1,59,6,2,4,18,1,0,0,0,1,0,8,1,120,120000,120000,74,0.09,6.73,1,10,10,16000,1600,104.2631579,0.909090909,94.784689,,,,,,,,0,0,,1.75,2.666666667,2.333333333,3.5,2,2.45,4,5,,,,,,4.6,3.33,3,3.4,3,4,3.56,0,-1.666666667,-2,-0.8,-1,0,-0.911111111
33,0,1,1,60,5,2,4,30,0,0,1,500000,1,1,1,30,11,48000,1600,0,0.27,0,2,40,33.33,608,15.2,0,0.363636364,0,2,1,40,200000,4,5000,0,0.363636364,0,0,3.5,3.666666667,3.333333333,3,3.5,,3,5,,,,,,4.6,5,5,4.2,4,4,4.47,0,0.666666667,0,0.6,1.333333333,1.25,0.641666667
33,1,1,1,60,5,2,4,30,0,0,1,500000,1,0,1,30,11,48000,1600,23,0.27,6.27,2,40,33.33,608,15.2,,0.363636364,0,2,1,40,200000,9,5000,,0.363636364,0,,3.5,3.666666667,3.333333333,3,3.5,3.4,3,5,,,,,,4.6,4.33,5,3.6,2.67,2.75,3.83,0.4,0,0,-1.2,-0.666666667,-1.25,-0.452777778
35,1,1,1,50,5,2,4,20,1,0,1,10000,1,1,7,6,100,400,66.67,0.33,1,0.33,,,,,,,0,0,,,,,,,,0,0,0.333333333,1.5,2,1,3,2.5,2,2,2,1,1,1,1,1,4.2,4.33,5,4.8,3.33,4,4.28,0.2,0.333333333,0.25,0.2,-0.333333333,0,0.108333333
35,1,1,1,50,5,2,4,20,1,0,1,10000,1,0,7,6,100,300,50,-0.95,1,-0.95,,,,,,,0,0,,,,,,,,0,0,,1.5,2,1,3,2.5,2,2,2,1,1,1,1,1,4,4,4.75,4.6,3.67,4,4.17,0,0,1.75,1.2,1.666666667,1.75,1.061111111
37,0,1,0,47,4,2,4,30,1,0,1,80000,0,1,1,13,10,12000,923.08,0,1,0,,,,,,,0,0,,,,,,,,0,0,0,2,2,2,4,3,2.6,4,5,,,,,,4,4,3,3.4,2,2.25,3.11,0,0.333333333,0.25,0,-0.666666667,0.25,0.027777778
37,0,1,0,47,4,2,4,30,1,0,1,80000,0,0,1,13,10,12000,923.08,-0.18,1,-0.18,,,,,,,0,0,,,,,,,,0,0,,2,2,2,4,3,2.6,4,5,,,,,,4,3.67,2.75,3.4,2.67,2,3.08,-0.6,-1,-1.75,-0.6,-1.666666667,-2.75,-1.394444444
38,1,1,0,46,5,1,4,12,1,0,1,20000,1,1,1,160,11,180000,1125,0,1,0,,,,,,,0,0,,,,,,,,0,0,0,1.25,2.666666667,1.333333333,2,2.5,1.95,4,2,1,1,1,1,1,4.6,4.67,4.5,4,4.33,4.75,4.48,0.4,-0.33,-0.5,0,1.33,0.75,0.27
38,1,1,0,46,5,1,4,12,1,0,1,20000,1,0,1,160,8,180000,1125,17,1,17,,,,,,,0,0,,,,,,,,0,0,,1.25,2.666666667,1.333333333,2,2.5,1.95,4,2,1,1,1,1,1,4.2,5,5,4,3,4,4.2,-0.6,1,1,0.2,-0.333333333,1.5,0.461111111
47,1,6,1,71,4,2,5,8,1,0,1,10000,0,1,8,8,50,500,62.5,4,0.24,0.94,7,16,80,10000,625,-0.5,0.470588235,-0.235294118,7,1,10,1200,80,120,11,0.294117647,3.235294118,1.31,1.25,1.333333333,1.666666667,3,2,,3,5,,,,,,4.8,4,4,3.8,3.33,2.5,3.74,1.6,0.333333333,-0.5,0.6,0.67,-2.5,0.03
47,1,6,1,71,4,2,5,8,1,0,1,10000,0,0,8,8,50,100,12.5,-0.82,0.31,-0.25,7,8,80,10000,1250,-0.375,0.307692308,-0.115384615,7,1,10,100,0,10,,0.384615385,0,,1.25,1.333333333,1.666666667,3,2,1.85,3,5,,,,,,3.2,3.67,4.5,3.2,2.67,5,3.71,-1,-0.333333333,0,-1.6,-1,0.25,-0.613888889
53,1,6,1,62,4,2,4,7,1,0,1,4000,1,1,7,7,40,480,68.57,1,1,1,8,0.004,80,8,2000,0,0.000571102,0,,,,,,,,0,0,1,1.5,2.333333333,1.333333333,3,3.5,2.333333333,3,5,,,,,,4.2,4,4.5,4.8,3.67,4.75,4.32,-0.8,0.666666667,0.75,0.8,-0.333333333,0.5,0.263888889
53,1,6,1,62,4,2,4,7,1,0,1,4000,1,0,7,7,60,240,34.29,-1,1,-1,8,0.004,80,8,2000,,0.000571102,0,,,,,,,,0,0,,1.5,2.333333333,1.333333333,3,3.5,2.333333333,3,5,,,,,,5,3.33,3.75,4,4,4.25,4.06,0.2,-0.666666667,-0.5,0.4,0.333333333,0.75,0.086111111
57,1,2,1,55,3,2,5,6,1,0,0,0,1,1,8,0.5,45,8000,16000,0,1,0,,,,,,,0,0,,,,,,,,0,0,0,1.25,2,1.333333333,1.5,2,1.616666667,3,5,,,,,,4.8,4,4.25,3.6,3.67,3.5,3.97,2,1.333333333,0.5,0.2,2,1.25,1.21
57,1,2,1,55,3,2,5,6,1,0,0,0,1,0,8,0.5,45,8000,16000,4.33,1,4.33,,,,,,,0,0,,,,,,,,0,0,,1.25,2,1.333333333,1.5,2,1.616666667,3,5,,,,,,2.8,2.67,3.75,3.4,1.67,2.25,2.76,-1.6,-1.666666667,-0.5,-0.8,-2.333333333,-1.75,-1.441666667
60,1,2,1,66,5,2,6,5,0,0,0,0,1,1,8,1600,28,4800000,3000,-0.14,0.29,-0.04,5,4000,5,2800000,700,0,0.714158186,0,8,2,1,5000,35,5000,5000,0.00017854,0.892697733,0.283962898,1.5,2,1,1.5,2.5,,3,5,,,,,,4.4,4.33,4.25,4.2,4,4,4.2,0,1.333333333,0.25,0.4,1,0,0.5
60,1,2,1,66,5,2,6,5,0,0,0,0,1,0,8,1600,18,5600000,3500,2.5,0.29,0.71,5,4000,7,2800000,700,-0.377777778,0.714285714,-0.26984127,0,0,0,0,0,0,,0,0,,1.5,2,1,1.5,2.5,1.7,3,5,,,,,,4.4,3,4,3.8,3,4,3.7,-0.6,-0.666666667,-1,-1,-1.333333333,-1,-0.933333333
62,1,2,1,57,3,2,4,8,1,0,1,7500,1,1,7,10,50,10000,1000,0,0.36,0,7,8,30,9000,1125,0,0.285714286,0,2,1,10,60000,25,6000,-0.625,0.357142857,-0.223214286,-0.074404762,2,2,1.333333333,1.5,2.5,,3,2,1,1,1,1,1,5,3.67,5,4.8,4.33,5,4.63,0.4,-0.666666667,1,0.6,0.666666667,0.75,0.458333333
62,1,2,1,57,3,2,4,8,1,0,1,7500,1,0,7,10,50,10000,1000,0.67,0.36,0.24,7,8,30,9000,1125,1.8125,0.285714286,0.517857143,2,1,10,160000,15,16000,,0.357142857,0,,2,2,1.333333333,1.5,2.5,1.866666667,3,2,1,1,1,1,1,4.6,4.33,4,4.2,3.67,4.25,4.18,0.8,0,0.25,0.4,0,0,0.241666667
63,1,6,1,48,5,2,2,16,0,0,1,150000,0,1,8,1,60,600,600,0,0.67,0,8,0.5,60,200,400,0,0.333333333,0,,,,,,,,0,0,0,2.25,1.333333333,1.333333333,1.5,2,1.683333333,1,5,,,,,,3.8,4.33,3.75,3.8,3.67,4.25,3.93,-0.2,0,1.75,1.8,1,1.75,1.016666667
63,1,6,1,48,5,2,2,16,0,0,1,150000,0,0,8,1,60,600,600,4.76,0.67,3.17,8,0.5,60,200,400,3.79616307,0.333333333,1.26538769,,,,,,,,0,0,,2.25,1.333333333,1.333333333,1.5,2,1.683333333,1,5,,,,,,4,4.33,2,2,2.67,2.5,2.92,-0.8,0,-2.75,-2.4,-1,-2,-1.491666667
64,1,2,1,49,3,2,5,7,0,0,0,0,1,1,9,24,49,2500,104.17,0.25,0.71,0.18,9,10,30,834,83.4,0,0.294117647,0,,,,,,,,0,0,0.176470588,1.5,1.666666667,1.333333333,1.5,1.5,1.5,3,4,1,0,0,1,1,4.8,4.33,4.75,4.4,3.67,4.5,4.41,1.4,2,1.25,0.4,-0.67,0.5,0.81
64,1,2,1,49,3,2,5,7,0,0,0,0,1,0,9,24,44,2000,83.33,-0.98,0.71,-0.69,9,10,30,834,83.4,,0.294117647,0,,,,,,,,0,0,,1.5,1.666666667,1.333333333,1.5,1.5,1.5,3,4,1,0,0,1,1,3.4,2.33,3.5,4,4.33,4,3.59,-0.4,-1.333333333,-1.25,-0.2,-0.333333333,-0.5,-0.669444444
66,1,1,1,64,1,2,5,25,0,1,1,150000,1,1,7,9,5,30000,3333.33,0.25,1,0.25,,,,,,,0,0,,,,,,,,0,0,0.25,1.5,3,1.666666667,3.5,3,2.533333333,2,2,1,1,1,1,1,3.8,3.67,4.75,4.2,4.67,4.5,4.26,-1.2,-0.333333333,0,0.6,2.33,0.75,0.36
66,1,1,1,64,1,2,5,25,0,1,1,150000,1,0,7,9,5,24000,2666.67,1.05,1,1.05,,,,,,,0,0,,,,,,,,0,0,,1.5,3,1.666666667,3.5,3,2.533333333,2,2,1,1,1,1,1,5,4,4.75,3.6,2.33,3.75,3.91,0.4,0,0.5,-0.4,-1.666666667,-0.25,-0.236111111
68,1,2,1,58,5,2,4,7,1,0,1,25000,1,1,8,1,60,1300,1300,0,1,0,,,,,,,0,0,,,,,,,,0,0,0,1.5,2,1.333333333,1.5,2.5,1.766666667,3,5,,,,,,4.6,4,4.25,4,4,4,4.14,1,-0.333333333,0.75,-0.6,1.67,0.75,0.54
68,1,2,1,58,5,2,4,7,1,0,1,25000,1,0,8,1,60,1300,1300,-0.59,1,-0.59,,,,,,,0,0,,,,,,,,0,0,,1.5,2,1.333333333,1.5,2.5,1.766666667,3,5,,,,,,3.6,4.33,3.5,4.6,2.33,3.25,3.6,-1.4,0,-1,0.6,-0.666666667,-1,-0.577777778
69,1,1,0,46,3,2,4,7,0,0,1,160000,0,1,7,3,5,9600,3200,0,1,0,,,,,,,0,0,,,,,,,,0,0,0,4,4.333333333,4.333333333,3.5,3.5,3.933333333,5,2,1,1,1,1,1,5,4.33,4.5,4,3,4.25,4.18,0.6,0.333333333,0.75,0.2,-1,-0.25,0.105555556
69,1,1,0,46,3,2,4,7,0,0,1,160000,0,0,7,3,5,9600,3200,3.44,1,3.44,,,,,,,0,0,,,,,,,,0,0,,4,4.333333333,4.333333333,3.5,3.5,3.933333333,5,2,1,1,1,1,1,4.4,4,3.75,3.8,4,4.5,4.08,1,1,0.5,0.4,1.666666667,2.75,1.219444444
72,0,1,1,68,4,2,2,10,0,1,1,65000,1,1,1,15,9,10800,720,0.62,1,0.62,,,,,,,0,0,,,,,,,,0,0,0.61999919,3.25,4,3.666666667,4.5,3.5,3.783333333,2,5,,,,,,3.4,3,3.25,3.4,2.33,1.75,2.86,0.2,-0.333333333,0.25,0,0.333333333,0.25,0.116666667
72,0,1,1,68,4,2,2,10,0,1,1,65000,1,0,1,15,9,6666.67,444.44,-0.54,1,-0.54,,,,,,,0,0,,,,,,,,0,0,,3.25,4,3.666666667,4.5,3.5,3.783333333,2,5,,,,,,3.2,3.33,3,3.4,2,1.5,2.74,-1.8,-0.666666667,0.5,0,-2.333333333,-3.5,-1.3
73,1,6,1,79,3,2,7,20,1,0,0,0,1,1,8,1.5,120,1440,960,0,1,0,,,,,,,0,0,,,,,,,,0,0,0,2,2.333333333,1.333333333,2.5,1,1.833333333,3,5,,,,,,5,4,2.5,3.4,4.33,5,4.04,0.2,0,-1.25,-0.4,1.333333333,1.25,0.188888889
73,1,6,1,79,3,2,7,20,1,0,0,0,1,0,8,1.5,120,1440,960,-0.47,1,-0.47,,,,,,,0,0,,,,,,,,0,0,,2,2.333333333,1.333333333,2.5,1,1.833333333,3,5,,,,,,4.8,4,3.75,3.8,3,3.75,3.85,0.4,-0.333333333,-0.25,-0.2,-0.333333333,-0.5,-0.202777778
75,1,1,0,64,1,2,6,8,1,0,1,8000,1,1,8,1,35,1800,1800,0,1,0,,,,,,,0,0,,,,,,,,0,0,0,1.5,2.333333333,1.666666667,1.5,3.5,2.1,3,5,,,,,,4.4,4.33,4,4,3.33,4.25,4.05,2.2,0,0.5,0.8,0.33,0,0.64
75,1,1,0,64,1,2,6,8,1,0,1,8000,1,0,8,1,35,1800,1800,-0.1,1,-0.1,,,,,,,0,0,,,,,,,,0,0,,1.5,2.333333333,1.666666667,1.5,3.5,2.1,3,5,,,,,,2.2,4.33,3.5,3.2,3,4.25,3.41,-2.8,0.666666667,-1,-1.4,-0.333333333,-0.5,-0.894444444
77,1,4,0,61,1,2,5,10,1,0,1,8500,1,1,1,5,9.2,10000,2000,0,0.5,0,5,5,7,5000,1000,0,0.5,0,,,,,,,,0,0,0,2,2.333333333,1.666666667,1.5,3,2.1,3,5,,,,,,5,3.67,4.5,4.6,3.33,4.75,4.31,0.4,-0.666666667,0.25,0.6,-0.666666667,0.25,0.027777778
77,1,4,0,61,1,2,5,10,1,0,1,8500,1,0,1,5,9.2,10000,2000,-0.71,0.5,-0.36,5,5,7,5000,1000,,0.5,0,,,,,,,,0,0,,2,2.333333333,1.666666667,1.5,3,2.1,3,5,,,,,,4.6,4.33,4.25,4,4,4.5,4.28,0.2,0.333333333,-0.25,0,0.333333333,1,0.269444444
79,1,2,1,52,2,2,4,7,1,0,0,0,1,1,7,20,13,140000,7000,-0.13,1,-0.13,,,,,,,0,0,,,,,,,,0,0,-0.125,1.5,2,1.333333333,2,3.5,2.066666667,3,5,,,,,,4.4,4,4.5,4,3.67,3.5,4.01,0.6,1,3,1.6,1.67,2,1.64
79,1,2,1,52,2,2,4,7,1,0,0,0,1,0,7,20,13,160000,8000,15,1,15,,,,,,,0,0,,,,,,,,0,0,,1.5,2,1.333333333,2,3.5,2.066666667,3,5,,,,,,3.8,3,1.5,2.4,2,1.5,2.37,-0.8,-0.333333333,-2.75,-1.8,-2.333333333,-2.75,-1.794444444
83,1,3,0,43,4,2,5,6,0,0,1,10000,1,1,1,40,25,20000,500,0,1,0,,,,,,,0,0,,,,,,,,0,0,0,1.25,2,1,3,3.5,2.15,3,2,1,1,1,1,1,4.6,3.33,4.25,4.2,4.33,4.25,4.16,1,1,0.5,0,0.67,-0.75,0.4
83,1,3,0,43,4,2,5,6,0,0,1,10000,1,0,1,40,25,20000,500,0.65,1,0.65,,,,,,,0,0,,,,,,,,0,0,,1.25,2,1,3,3.5,2.15,3,2,1,1,1,1,1,3.6,2.33,3.75,4.2,3.67,5,3.76,-1.4,-1.666666667,-0.25,0.4,-0.666666667,0,-0.597222222
84,1,3,0,55,5,2,4,24,0,1,1,60000,1,1,7,4.3,30,1300,302.33,0,0.77,0,8,1.26,40,1440,1142.857143,0,0.226618705,0,,,,,,,,0,0,0,1.5,1.333333333,1.666666667,1.5,2,1.6,2,5,,,,,,5,4,4,3.8,4.33,5,4.36,0.6,-0.333333333,-0.25,-0.8,0.333333333,0.75,0.05
84,1,3,0,55,5,2,4,24,0,1,1,60000,1,0,7,4.3,30,1300,302.33,2.27,0.77,1.75,8,1.26,40,1440,1142.857143,,0.226618705,0,,,,,,,,0,0,,1.5,1.333333333,1.666666667,1.5,2,1.6,2,5,,,,,,4.4,4.33,4.25,4.6,4,4.25,4.31,0.4,0.333333333,0.25,0.2,0,-0.75,0.072222222
88,1,5,1,59,5,2,5,27,0,1,1,160000,0,1,2,40,20,3700,92.5,-0.98,1,-0.98,,,,,,,0,0,,,,,,,,0,0,-0.975,1.5,2.333333333,2,1,2,1.766666667,2,2,1,1,1,1,1,4,4,4,4.4,4,5,4.23,-0.2,-0.333333333,-0.75,0.6,0.333333333,1,0.108333333
88,1,5,1,59,5,2,5,27,0,1,1,160000,0,0,2,40,24,148000,3700,0.85,1,0.85,,,,,,,0,0,,,,,,,,0,0,,1.5,2.333333333,2,1,2,1.766666667,2,2,1,1,1,1,1,4.2,4.33,4.75,3.8,3.67,4,4.13,-0.8,-0.666666667,-0.25,-0.4,-0.666666667,-1,-0.630555556
89,1,5,1,57,4,1,4,16,0,0,1,135000,0,1,7,315,25,630000,2000,0,0.68,0,4,150,3.1,750000,5000,0,0.322580645,0,,,,,,,,0,0,0,2,2.666666667,2.333333333,1.5,2,2.1,1,5,,,,,,5,5,5,4.2,4.33,5,4.76,1.2,0.333333333,0.75,-0.2,1,1,0.680555556
89,1,5,1,57,4,1,4,16,0,0,1,135000,0,0,7,315,25,630000,2000,7.33,0.68,4.97,4,150,2.2,750000,5000,,0.322580645,0,,,,,,,,0,0,,2,2.666666667,2.333333333,1.5,2,2.1,1,5,,,,,,3.8,4.67,4.25,4.4,3.33,4,4.08,-1,0.333333333,-0.25,0.6,-0.333333333,-0.75,-0.233333333
90,0,3,1,51,3,1,3,21,0,0,1,200000,1,1,8,0.25,30,60,240,0,1,0,,,,,,,0,0,,,,,,,,0,0,0,1.5,2,1.666666667,1.5,2.5,1.833333333,2,5,,,,,,4.8,4.33,4.5,3.8,3.67,4.75,4.31,-0.2,0.333333333,0.5,1.2,1.33,3,1.03
90,0,3,1,51,3,1,3,21,0,0,1,200000,1,0,8,0.25,30,60,240,-0.38,1,-0.38,,,,,,,0,0,,,,,,,,0,0,,1.5,2,1.666666667,1.5,2.5,1.833333333,2,5,,,,,,5,4,4,2.6,2.33,1.75,3.28,0,-0.333333333,-1,-2.2,-2,-3.25,-1.463888889
92,1,3,1,48,5,2,6,7,0,1,1,120000,0,1,1,26,10,10000,384.62,0,1,0,,,,,,,0,0,,,,,,,,0,0,0,1.5,2,3,3.5,3.5,2.7,2,2,1,1,1,1,0,5,4.33,5,4.8,4.33,5,4.74,1.8,2,1.25,1.2,0.666666667,1.5,1.402777778
92,1,3,1,48,5,2,6,7,0,1,1,120000,0,0,1,26,10,10000,384.62,2.85,1,2.85,,,,,,,0,0,,,,,,,,0,0,,1.5,2,3,3.5,3.5,2.7,2,2,1,1,1,1,0,3.2,2.33,3.75,3.6,3.67,3.5,3.34,-1.4,-1.333333333,0.25,-0.6,-0.333333333,-0.25,-0.611111111
94,0,3,1,61,3,2,6,13,1,0,1,130000,1,1,7,2,15,200,100,0,1,0,,,,,,,0,0,,,,,,,,0,0,0,2,1.666666667,2.666666667,1.5,1.5,1.866666667,2,5,,,,,,4.6,3.67,3.5,4.2,4,3.75,3.95,1,1,-0.5,0.8,1.67,1,0.83
94,0,3,1,61,3,2,6,13,1,0,1,130000,1,0,7,2,15,200,100,-0.98,1,-0.98,,,,,,,0,0,,,,,,,,0,0,,2,1.666666667,2.666666667,1.5,1.5,1.866666667,2,5,,,,,,3.6,2.67,4,3.4,2.33,2.75,3.13,-1.4,-1.666666667,-0.75,-0.6,-2,-2.25,-1.444444444
97,1,3,1,54,3,1,6,12,0,0,1,140000,0,1,7,4,15,16000,4000,0,0.14,0,2,15,22,1400,93.33333333,0,0.535714286,0,1,1,9,2000,12,222.2222222,0,0.321428571,0,0,2,2.333333333,1.666666667,3,2.5,,2,5,,,,,,5,4.33,4.75,4,4.33,5,4.57,0.6,1,1.25,0.6,0.333333333,1.25,0.838888889
97,1,3,1,54,3,1,6,12,0,0,1,140000,0,0,7,4,10,16000,4000,59,0.14,8.43,2,15,20,1400,93.33333333,-0.99776,0.535714286,-0.534514286,1,1,9,2000,12,222.2222222,,0.321428571,0,,2,2.333333333,1.666666667,3,2.5,2.3,2,5,,,,,,4.4,3.33,3.5,3.4,4,3.75,3.73,-0.6,-1,-1.5,-0.2,0,-1.25,-0.758333333
98,1,1,1,61,6,2,5,6,1,0,1,25000,1,1,7,15,70,1000,66.67,0,1,0,8,0.003,200,125,41666.66667,0,0.00019996,0,,,,,,,,0,0,0,1.5,2,1.666666667,2,2.5,1.933333333,3,5,,,,,,5,4.33,5,3.6,4,5,4.49,0.8,0,0.25,-0.6,0,1,0.241666667
98,1,1,1,61,6,2,5,6,1,0,1,25000,1,0,7,15,70,1000,66.67,-0.94,1,-0.94,8,0.003,200,125,41666.66667,53.16666667,0.00019996,0.010631207,,,,,,,,0,0,,1.5,2,1.666666667,2,2.5,1.933333333,3,5,,,,,,4.2,4.33,4.75,4.2,4,4,4.25,-0.8,0.333333333,1,-0.4,0.666666667,-1,-0.033333333
99,1,3,1,65,1,3,2,15,0,1,1,130000,1,1,7,25,25,26000,1040,0,0.49,0,2,26,20,20000,769.2307692,-0.166666667,0.509803922,-0.08496732,,,,,,,,0,0,-0.04,2.5,2.333333333,2.666666667,2.5,2.5,2.5,2,5,,,,,,5,4,3.75,4.6,3.33,5,4.28,0.8,-0.333333333,-0.5,0.6,0,1.25,0.302777778
99,1,3,1,65,1,3,2,15,0,1,1,130000,1,0,7,25,25,26000,1040,-0.48,0.49,-0.24,2,26,22,24000,923.0769231,,0.509803922,0,,,,,,,,0,0,,2.5,2.333333333,2.666666667,2.5,2.5,2.5,2,5,,,,,,4.2,4.33,4.25,4,3.33,3.75,3.98,-0.8,0,0.25,-0.6,-1,-0.75,-0.483333333
101,1,3,0,57,5,2,3,24,0,0,1,140000,0,1,7,45,100,90000,2000,0,1,0,,,,,,,0,0,,,,,,,,0,0,0,2,1.666666667,2,2,2.5,2.033333333,1,2,1,1,1,1,1,5,4.33,4,4.6,4.33,4.5,4.46,0.4,-0.666666667,-1,1,1,0,0.122222222
101,1,3,0,57,5,2,3,24,0,0,1,140000,0,0,7,45,100,90000,2000,0.28,1,0.28,,,,,,,0,0,,,,,,,,0,0,,2,1.666666667,2,2,2.5,2.033333333,1,2,1,1,1,1,1,4.6,5,5,3.6,3.33,4.5,4.34,0,0.666666667,1.25,-0.8,-1.333333333,0.25,0.005555556
102,1,1,1,65,3,2,4,19,0,0,1,150000,0,1,7,14,40,21900,1564.29,0,0.97,0,8,0.5,200,72000,144000,0,0.034482759,0,,,,,,,,0,0,0,2,2,2,2.5,2.5,2.2,2,5,,,,,,4.6,4.33,3.75,4.4,4.67,4.25,4.33,0.6,1,0.75,0.8,0.67,-0.25,0.59
102,1,1,1,65,3,2,4,19,0,0,1,150000,0,0,7,14,40,21900,1564.29,0.88,0.97,0.85,8,0.5,200,72000,144000,71,0.034482759,2.448275862,,,,,,,,0,0,,2,2,2,2.5,2.5,2.2,2,5,,,,,,4,3.33,3,3.6,4,4.5,3.74,-1,-1,-1.5,-0.6,0.666666667,-0.25,-0.613888889
103,1,1,1,38,5,2,3,16,1,1,1,150000,1,1,7,12,12,10000,833.33,0,0.21,0,8,21,12,42000,2000,0,0.375,0,1,2,23,36800,10,1600,0,0.410714286,0,0,2,1.666666667,1.666666667,3.5,4.5,,1,5,,,,,,5,4.33,4.5,4.2,3.33,4.75,4.35,0.6,0.333333333,0,-0.4,-0.333333333,0.5,0.116666667
103,1,1,1,38,5,2,3,16,1,1,1,150000,1,0,7,12,12,10000,833.33,-0.52,0.21,-0.11,8,21,12,42000,2000,,0.375,0,1,2,23,36800,8,1600,,0.410714286,0,,2,1.666666667,1.666666667,3.5,4.5,2.666666667,1,5,,,,,,4.4,4,4.5,4.6,3.67,4.25,4.24,-0.4,-0.333333333,-0.25,0,-1,0.5,-0.247222222
104,0,1,0,33,2,1,2,4,0,0,1,150000,0,1,1,15,12,26000,1733.33,0,1,0,,,,,,,0,0,,,,,,,,0,0,0,1,3,3,3,2,2.4,1,4,1,1,1,1,1,4.8,4.33,4.75,4.6,4.67,3.75,4.48,-0.2,1.333333333,0.75,0.6,0.67,-0.25,0.48
104,0,1,0,33,2,1,2,4,0,0,1,150000,0,0,1,15,9,26000,1733.33,2.22,1,2.22,,,,,,,0,0,,,,,,,,0,0,,1,3,3,3,2,2.4,1,4,1,1,1,1,1,5,3,4,4,4,4,4,0,-1.666666667,-1,0,-1,-1,-0.777777778
105,0,1,1,46,4,1,2,3,0,1,0,0,0,1,7,130,25,70000,538.46,-0.91,1,-0.91,,,,,,,0,0,,,,,,,,0,0,-0.912500006,1.25,2,1.333333333,2,1.5,1.616666667,1,4,1,1,1,1,1,5,4.67,5,4,5,5,4.78,0,0.666666667,0.5,0,1.333333333,0.75,0.541666667
105,0,1,1,46,4,1,2,3,0,1,0,0,0,0,7,130,25,800000,6153.85,2.28,1,2.28,,,,,,,0,0,,,,,,,,0,0,,1.25,2,1.333333333,2,1.5,1.616666667,1,4,1,1,1,1,1,5,4,4.5,4,3.67,4.25,4.24,0.4,-1,-0.25,-0.2,-0.333333333,-0.5,-0.313888889
107,0,1,1,65,5,2,6,27,0,0,1,180000,0,1,7,8,32,15000,1875,0.15,1,0.15,,,,,,,0,0,,,,,,,,0,0,0.153846154,2,2.333333333,1.333333333,2.5,1.5,1.933333333,1,5,,,,,,4.6,5,4.75,4.2,4,4.75,4.55,0.6,1,0.75,0.2,1,1.75,0.88
107,0,1,1,65,5,2,6,27,0,0,1,180000,0,0,7,8,32,13000,1625,0.02,1,0.02,,,,,,,0,0,,,,,,,,0,0,,2,2.333333333,1.333333333,2.5,1.5,1.933333333,1,5,,,,,,4,4,4,4,3,3,3.67,-1,-0.333333333,-1,-0.4,-1.333333333,-2,-1.011111111
108,0,5,1,50,3,2,6,12,0,0,0,0,1,1,7,5,100,8000,1600,0,1,0,,,,,,,0,0,,,,,,,,0,0,0,1.75,2,1.666666667,2.5,2,1.983333333,3,4,1,1,1,1,1,5,4.33,5,4.4,4.33,5,4.68,0.6,0,0.75,-0.2,0.333333333,0.75,0.372222222
108,0,5,1,50,3,2,6,12,0,0,0,0,1,0,7,5,100,8000,1600,31,1,31,,,,,,,0,0,,,,,,,,0,0,,1.75,2,1.666666667,2.5,2,1.983333333,3,4,1,1,1,1,1,4.4,4.33,4.25,4.6,4,4.25,4.31,0.6,-0.333333333,0.5,0,0,0.25,0.169444444
109,0,4,1,57,1,2,3,8,0,0,1,160000,0,1,7,1,85,50,50,0,0.5,0,7,1,85,50,50,,0.5,0,,,,,,,,0,0,0,2,2,2,2,2.5,2.1,2,5,,,,,,3.8,4.67,3.75,4.6,4,4,4.14,0.8,1.666666667,0.75,2.4,2,2,1.6
109,0,4,1,57,1,2,3,8,0,0,1,160000,0,0,7,1,85,50,50,-0.67,1,-0.67,0,0,0,,,,0,0,,,,,,,,0,0,,2,2,2,2,2.5,2.1,2,5,,,,,,3,3,3,2.2,2,2,2.53,-2,-2,-2,-2.8,-2.666666667,-3,-2.411111111
110,0,6,1,62,5,1,2,9,0,0,1,130000,0,1,2,20,26,3000,150,0,0.66,0,9,10,7,400,40,0,0.327868852,0,8,2,0.5,600,80,1200,0.2,0.016393443,0.003278689,0.001092896,2,1.333333333,2.666666667,1.5,3,,2,4,1,1,1,1,1,5,5,5,5,4.67,5,4.94,0.6,0.333333333,1.5,2,0.666666667,0.75,0.975
110,0,6,1,62,5,1,2,9,0,0,1,130000,0,0,2,20,26,3000,150,-0.85,0.66,-0.56,9,10,7,400,40,-0.5,0.327868852,-0.163934426,8,2,0.5,500,80,1000,,0.016393443,0,,2,1.333333333,2.666666667,1.5,3,2.1,2,4,1,1,1,1,1,4.4,4.67,3.5,3,4,4.25,3.97,0.2,0.666666667,-1.25,-1.2,0.333333333,-0.25,-0.25
112,0,5,1,61,1,2,6,12,1,1,1,8500,1,1,4,30,3.5,30000,1000,-0.17,0.23,-0.04,7,100,11,8000,80,-0.2,0.769230769,-0.153846154,,,,,,,,0,0,-0.1,1.5,2,1.333333333,2,3.5,2.066666667,3,4,1,1,1,1,1,4.2,4,4.75,4.2,3.67,4.5,4.22,0,0,0.75,0.2,-0.33,1,0.27
112,0,5,1,61,1,2,6,12,1,1,1,8500,1,0,4,30,3.5,36000,1200,-0.66,0.23,-0.15,7,100,11,10000,100,1,0.769230769,0.769230769,,,,,,,,0,0,,1.5,2,1.333333333,2,3.5,2.066666667,3,4,1,1,1,1,1,4.2,4,4,4,4,3.5,3.95,-0.2,-0.666666667,-0.25,-0.4,0.333333333,-0.75,-0.322222222
113,0,5,1,59,2,2,4,5,1,0,0,0,1,1,4,60,3.5,210000,3500,-0.13,0.5,-0.06,7,60,12,3000,50,0.166666667,0.5,0.083333333,,,,,,,,0,0,0.010416667,1.5,1.666666667,1.666666667,2,3.5,2.066666667,3,4,1,1,1,1,1,4.4,4.67,4.25,4.4,3.67,4.25,4.27,-0.6,0.666666667,0.25,0.4,-0.33,0,0.06
113,0,5,1,59,2,2,4,5,1,0,0,0,1,0,4,80,3.2,320000,4000,2.5,0.53,1.33,7,70,10,3000,42.85714286,,0.466666667,0,,,,,,,,0,0,,1.5,1.666666667,1.666666667,2,3.5,2.066666667,3,4,1,1,1,1,1,5,4,4,4,4,4.25,4.21,0,0,-0.75,0,0,0.25,-0.083333333
114,0,1,0,43,3,2,7,15,1,0,1,5000,1,1,1,70,10.3,80000,1142.86,0.27,1,0.27,,,,,,,0,0,,,,,,,,0,0,0.26984127,1.5,2,1.666666667,2,2.5,1.933333333,3,1,1,1,1,1,1,5,4,4.75,4,4,4,4.29,0.8,-0.333333333,0,0.2,0.333333333,-0.25,0.125
114,0,1,0,43,3,2,7,15,1,0,1,5000,1,0,1,70,8,63000,900,0.13,1,0.13,,,,,,,0,0,,,,,,,,0,0,,1.5,2,1.666666667,2,2.5,1.933333333,3,1,1,1,1,1,1,4.2,4.33,4.75,3.8,3.67,4.25,4.17,-0.8,-0.333333333,-0.25,-0.8,-0.333333333,-0.75,-0.544444444
115,0,1,0,51,5,2,2,25,0,0,1,150000,1,1,1,15,10.4,12000,800,0.14,1,0.14,,,,,,,0,0,,,,,,,,0,0,0.142857143,3.5,3.666666667,4.333333333,4.5,4.5,4.1,3,1,1,1,1,1,1,5,4.67,5,4.6,4,5,4.71,1,0.333333333,0.75,0.6,0.333333333,1,0.669444444
115,0,1,0,51,5,2,2,25,0,0,1,150000,1,0,1,15,8,10500,700,0.58,1,0.58,,,,,,,0,0,,,,,,,,0,0,,3.5,3.666666667,4.333333333,4.5,4.5,4.1,3,1,1,1,1,1,1,4,4.33,4.25,4,3.67,4,4.04,0.2,0.333333333,1,0.2,-0.333333333,0.25,0.275
116,0,1,0,57,3,2,4,9,1,0,1,120000,1,1,8,9,30,4000,444.44,0,1,0,,,,,,,0,0,,,,,,,,0,0,0,3.25,4.333333333,3.333333333,4,4,3.783333333,3,5,,,,,,3.8,4,3.25,3.8,4,3.75,3.77,-0.2,0,-0.75,0.8,2,1.75,0.6
116,0,1,0,57,3,2,4,9,1,0,1,120000,1,0,8,9,32,4000,444.44,-0.78,1,-0.78,,,,,,,0,0,,,,,,,,0,0,,3.25,4.333333333,3.333333333,4,4,3.783333333,3,5,,,,,,4,4,4,3,2,2,3.17,-1,-0.333333333,-1,-2,-3,-3,-1.722222222
118,0,4,1,41,3,1,3,9,0,0,1,150000,1,1,7,1,46,2000,2000,0,1,0,,,,,,,0,0,,,,,,,,0,0,0,1.75,1.666666667,2,1.5,1.5,1.683333333,2,5,,,,,,5,4.33,5,5,5,5,4.89,0.4,-0.333333333,0.5,0.6,1,0.5,0.444444444
118,0,4,1,41,3,1,3,9,0,0,1,150000,1,0,7,1,46,2000,2000,0.6,1,0.6,,,,,,,0,0,,,,,,,,0,0,,1.75,1.666666667,2,1.5,1.5,1.683333333,2,5,,,,,,4.6,4.67,4.5,4.4,4,4.5,4.44,-0.4,-0.333333333,-0.5,-0.6,-1,0.25,-0.430555556
119,0,1,0,44,3,2,3,7,0,1,1,140000,0,1,9,2,46,2500,1250,0,1,0,,,,,,,0,0,,,,,,,,0,0,0,1.75,1.666666667,1.333333333,2,2.5,1.85,2,2,1,1,1,1,1,5,5,5,5,5,4.25,4.88,1,1,0.25,1.2,1.666666667,0.25,0.894444444
119,0,1,0,44,3,2,3,7,0,1,1,140000,0,0,9,2,36.8,2500,1250,-0.17,1,-0.17,,,,,,,0,0,,,,,,,,0,0,,1.75,1.666666667,1.333333333,2,2.5,1.85,2,2,1,1,1,1,1,4,4,4.75,3.8,3.33,4,3.98,-1,-1,-0.25,-1.2,-1.666666667,-1,-1.019444444
120,1,4,1,49,3,3,1,16,0,0,1,70000,0,1,8,10,200,15000,1500,0,1,0,,,,,,,0,0,,,,,,,,0,0,0,2.75,3.666666667,3,2.5,3.5,3.083333333,2,2,1,1,1,1,1,5,5,5,5,5,5,5,1,1,0.75,1.6,2,1,1.225
120,1,4,1,49,3,3,1,16,0,0,1,70000,0,0,8,10,300,15000,1500,-0.21,1,-0.21,,,,,,,0,0,,,,,,,,0,0,,2.75,3.666666667,3,2.5,3.5,3.083333333,2,2,1,1,1,1,1,4,4,4.25,3.4,3,4,3.78,-0.6,-0.666666667,-0.75,-1.6,-2,-0.25,-0.977777778
121,1,1,0,64,4,2,3,27,1,1,1,120000,1,1,8,5,20,9500,1900,0,1,0,,,,,,,0,0,,,,,,,,0,0,0,2.5,4,3.333333333,5,4.5,3.866666667,1,5,,,,,,4.6,4.67,5,5,5,4.25,4.75,1.8,1.666666667,3.25,2.2,3,2,2.319444444
121,1,1,0,64,4,2,3,27,1,1,1,120000,1,0,8,5,15,9500,1900,0.19,1,0.19,,,,,,,0,0,,,,,,,,0,0,,2.5,4,3.333333333,5,4.5,3.866666667,1,5,,,,,,2.8,3,1.75,2.8,2,2.25,2.43,-1.8,-0.666666667,-2.5,-2,-2.333333333,-2.5,-1.966666667
122,1,1,1,54,5,2,3,2,0,0,1,400000,0,1,8,5,15,8000,1600,0,1,0,,,,,,,0,0,,,,,,,,0,0,0,1.25,1.666666667,2,1,2.5,1.683333333,1,5,,,,,,4.6,3.67,4.25,4.8,4.33,4.75,4.4,1,0,0.75,1.2,1.333333333,1.5,0.963888889
122,1,1,1,54,5,2,3,2,0,0,1,400000,0,0,8,5,15,8000,1600,0.6,1,0.6,,,,,,,0,0,,,,,,,,0,0,,1.25,1.666666667,2,1,2.5,1.683333333,1,5,,,,,,3.6,3.67,3.5,3.6,3,3.25,3.44,-1.4,-1.333333333,-1.5,-1.4,-2,-0.75,-1.397222222
123,1,5,1,65,5,2,4,6,1,0,1,300000,0,1,7,2,250,2000,1000,0,1,0,,,,,,,0,0,,,,,,,,0,0,0,1.25,1.666666667,1.333333333,1,1.5,1.35,1,3,1,1,1,1,1,5,5,5,5,5,4,4.83,1,0.666666667,0.75,0.4,1.666666667,0,0.747222222
123,1,5,1,65,5,2,4,6,1,0,1,300000,0,0,7,2,250,2000,1000,0.25,1,0.25,,,,,,,0,0,,,,,,,,0,0,,1.25,1.666666667,1.333333333,1,1.5,1.35,1,3,1,1,1,1,1,4,4.33,4.25,4.6,3.33,4,4.09,-0.4,0,-0.5,0.2,-0.333333333,-0.25,-0.213888889
124,1,1,1,61,3,2,4,12,0,0,1,400000,0,1,7,1,250,800,800,0,0.5,0,7,1,250,150,150,0,0.5,0,,,,,,,,0,0,0,1.5,1.333333333,1.666666667,2,2,1.7,1,5,,,,,,4.4,4.33,4.75,4.4,3.67,4.25,4.3,1.2,1.333333333,1.75,0.8,1.666666667,3,1.625
124,1,1,1,61,3,2,4,12,0,0,1,400000,0,0,7,1,250,800,800,0.94,0.5,0.47,7,1,250,150,150,,0.5,0,,,,,,,,0,0,,1.5,1.333333333,1.666666667,2,2,1.7,1,5,,,,,,3.2,3,3,3.6,2,1.25,2.68,-1.6,-1,-1.5,-0.8,-2.333333333,-3.25,-1.747222222
127,1,3,1,55,4,2,5,10,1,0,1,10000,1,1,1,17,16,7000,411.76,0,1,0,,,,,,,0,0,,,,,,,,0,0,0,1.5,2.666666667,2,1.5,2.5,2.033333333,4,5,,,,,,4.8,4,4.5,4.4,4.33,4.5,4.42,0,0.333333333,0.5,0.2,1,0,0.338888889
127,1,3,1,55,4,2,5,10,1,0,1,10000,1,0,1,17,15,7000,411.76,-0.97,1,-0.97,,,,,,,0,0,,,,,,,,0,0,,1.5,2.666666667,2,1.5,2.5,2.033333333,4,5,,,,,,4.8,3.67,4,4.2,3.33,4.5,4.08,0.4,-0.333333333,0,0,0,0.25,0.052777778
130,1,5,1,46,4,2,5,6,0,0,1,200000,0,1,8,2,60,25000,12500,0,0.25,0,7,3,100,1500,500,0.875,0.375,0.328125,7,1,3,1500,20,500,0,0.375,0,0.109375,1.5,1.666666667,1.666666667,1,1.5,,1,2,1,1,1,1,1,4.4,4,4,4.2,3.33,4.25,4.03,-0.2,0,0,0.2,0.33,-0.25,0.01
130,1,5,1,46,4,2,5,6,0,0,1,200000,0,0,8,2,57,25000,12500,2.13,0.25,0.53,7,3,100,800,266.6666667,-0.97037037,0.375,-0.363888889,7,1,3,1500,20,500,,0.375,0,,1.5,1.666666667,1.666666667,1,1.5,1.466666667,1,2,1,1,1,1,1,4.6,4,4,4,3,4.5,4.02,-0.4,-1,-0.75,-0.8,-0.666666667,-0.5,-0.686111111
132,1,3,1,49,5,1,3,7,1,1,1,150000,1,1,4,100,3.5,400000,4000,0,0.91,0,3,10,1,90000,9000,-0.217391304,0.090909091,-0.019762846,,,,,,,,0,0,-0.009881423,1.25,1.666666667,1.333333333,1.5,1,1.35,1,5,,,,,,5,5,4.75,4.8,3.67,5,4.7,1.2,0.666666667,0,1,1.33,1,0.87
132,1,3,1,49,5,1,3,7,1,1,1,150000,1,0,4,100,3,400000,4000,8.52,0,0.01,1,8,,92000,11500,,0.998914224,0,,,,,,,,0,0,,1.25,1.666666667,1.333333333,1.5,1,1.35,1,5,,,,,,3.8,4.33,4.75,3.8,2.33,4,3.84,-1,0,0,-0.2,-2,-0.25,-0.575
134,1,3,1,65,5,3,3,7,0,0,1,200000,0,1,1,6,16,2520,420,0,1,0,,,,,,,0,0,,,,,,,,0,0,0,1.25,1.666666667,1.666666667,1.5,1,1.416666667,1,5,,,,,,4.8,4.33,4.75,4,4.33,4.25,4.41,1.8,0,0.25,1.4,2,-0.5,0.83
134,1,3,1,65,5,3,3,7,0,0,1,200000,0,0,1,6,15,2520,420,-0.42,1,-0.42,,,,,,,0,0,,,,,,,,0,0,,1.25,1.666666667,1.666666667,1.5,1,1.416666667,1,5,,,,,,3,4.33,4.5,2.6,2.33,4.75,3.59,-1.8,-0.333333333,0,-1.6,-1.666666667,1,-0.733333333
136,1,6,1,48,4,1,3,10,0,0,1,200000,1,1,8,0.5,100,360,720,0,1,0,,,,,,,0,0,,,,,,,,0,0,0,1.25,1,1.666666667,1.5,2,1.483333333,1,2,1,1,1,1,1,4.8,4.67,4.5,4.2,4,3.75,4.32,1.2,0.33,0,-0.4,0.33,-1,0.08
136,1,6,1,48,4,1,3,10,0,0,1,200000,1,0,8,0.5,100,360,720,0.29,1,0.29,,,,,,,0,0,,,,,,,,0,0,,1.25,1,1.666666667,1.5,2,1.483333333,1,2,1,1,1,1,1,3.6,4.33,4.5,4.6,3.67,4.75,4.24,-1,0.333333333,0,0.2,0.666666667,0.5,0.116666667
137,1,6,1,54,2,2,6,4,0,0,1,150000,0,1,8,0.5,100,280,560,0.33,1,0.33,,,,,,,0,0,,,,,,,,0,0,0.333333333,1.25,1.666666667,1.666666667,1,2,1.516666667,2,5,,,,,,4.6,4,4.5,4.4,3,4.25,4.13,1,0.333333333,0.75,0.6,-0.67,-0.25,0.29
137,1,6,1,54,2,2,6,4,0,0,1,150000,0,0,8,0.5,100,210,420,-0.4,1,-0.4,,,,,,,0,0,,,,,,,,0,0,,1.25,1.666666667,1.666666667,1,2,1.516666667,2,5,,,,,,3.6,3.67,3.75,3.8,3.67,4.5,3.83,-1.2,-1,-0.75,-0.4,-0.333333333,0.25,-0.572222222
139,1,6,1,48,4,2,3,27,1,0,1,150000,1,1,7,5,95,3500,700,-0.13,1,-0.13,,,,,,,0,0,,,,,,,,0,0,-0.125,1,1.666666667,2,1,2.5,1.633333333,1,5,,,,,,4.8,4.67,4.5,4.2,4,4.25,4.4,1.2,2,1.5,1.4,0.67,0.5,1.21
139,1,6,1,48,4,2,3,27,1,0,1,150000,1,0,7,5,85,4000,800,0,1,0,,,,,,,0,0,,,,,,,,0,0,,1,1.666666667,2,1,2.5,1.633333333,1,5,,,,,,3.6,2.67,3,2.8,3.33,3.75,3.19,-0.8,-2,-1.5,-1.2,0,0,-0.916666667
140,1,6,1,49,5,1,8,14,1,0,1,150000,0,1,8,1.5,110,1200,800,-0.14,0.43,-0.06,7,2,40,100,50,-0.333333333,0.571428571,-0.19047619,,,,,,,,0,0,-0.12585034,1.25,1.666666667,1,1,1.5,1.283333333,1,1,1,1,1,0,0,4.4,4.67,4.5,4,3.33,3.75,4.11,-0.4,1.666666667,0.5,0.4,-0.33,-1,0.14
140,1,6,1,49,5,1,8,14,1,0,1,150000,0,0,8,1.5,110,1400,933.33,0.04,0.43,0.02,7,2,80,150,75,,0.571428571,0,,,,,,,,0,0,,1.25,1.666666667,1,1,1.5,1.283333333,1,1,1,1,1,0,0,4.8,3,4,3.6,3.67,4.75,3.97,0.6,-1.666666667,-0.25,-1,0,0.5,-0.302777778
142,1,6,1,58,2,2,6,8,0,1,1,140000,1,1,8,2,100,1800,900,-0.06,1,-0.06,,,,,,,0,0,,,,,,,,0,0,-0.0625,1.25,2,2.333333333,1.5,2,1.816666667,2,5,,,,,,4.2,4.67,4.25,4.6,3.67,4.25,4.27,0.2,1,0.75,0.8,-0.33,-0.25,0.36
142,1,6,1,58,2,2,6,8,0,1,1,140000,1,0,8,2,100,1920,960,1.29,1,1.29,,,,,,,0,0,,,,,,,,0,0,,1.25,2,2.333333333,1.5,2,1.816666667,2,5,,,,,,4,3.67,3.5,3.8,4,4.5,3.91,-0.8,-0.666666667,-1.25,0,1,0.5,-0.202777778
149,1,2,1,75,5,2,5,30,1,0,1,15000,1,1,1,26,16,10920,420,0.12,1,0.12,,,,,,,0,0,,,,,,,,0,0,0.12,1.25,2.333333333,2,3,3.5,2.416666667,2,5,,,,,,4.8,4.33,4.75,3.8,3,4,4.11,1.6,0.666666667,1,-0.6,-0.67,-0.25,0.29
149,1,2,1,75,5,2,5,30,1,0,1,15000,1,0,1,26,15,9750,375,-0.17,1,-0.17,,,,,,,0,0,,,,,,,,0,0,,1.25,2.333333333,2,3,3.5,2.416666667,2,5,,,,,,3.2,3.67,3.75,4.4,3.67,4.25,3.82,-1,-1,-0.75,-0.2,0.666666667,-0.25,-0.422222222
151,1,3,0,52,5,1,4,8,1,0,0,0,1,1,1,20,16,9000,450,0.03,1,0.03,,,,,,,0,0,,,,,,,,0,0,0.034482759,1.75,2.333333333,1.666666667,2.5,3.5,2.35,2,4,1,0,1,1,1,4.2,4.67,4.5,4.6,3,4.5,4.24,0,1,0.75,1,-0.67,0,0.35
151,1,3,0,52,5,1,4,8,1,0,0,0,1,0,1,20,15,8700,435,8.57,1,8.57,,,,,,,0,0,,,,,,,,0,0,,1.75,2.333333333,1.666666667,2.5,3.5,2.35,2,4,1,0,1,1,1,4.2,3.67,3.75,3.6,3.67,4.5,3.9,-0.4,-0.666666667,-0.5,-1.2,-0.666666667,-0.5,-0.655555556
156,1,3,1,63,5,2,4,8,0,0,1,160000,0,1,7,44,30,2000,45.45,-0.33,1,-0.33,,,,,,,0,0,,,,,,,,0,0,-0.333333333,1.25,2,1.666666667,2,1,1.583333333,2,5,,,,,,4.6,4.33,4.25,4.8,4.33,5,4.55,-0.2,-0.333333333,-0.5,1,1,1,0.327777778
156,1,3,1,63,5,2,4,8,0,0,1,160000,0,0,7,44,50,3000,68.18,-0.93,1,-0.93,,,,,,,0,0,,,,,,,,0,0,,1.25,2,1.666666667,2,1,1.583333333,2,5,,,,,,4.8,4.67,4.75,3.8,3.33,4,4.23,0.6,0,0,-0.8,-1,-1,-0.366666667
158,1,3,1,58,1,2,3,9,0,1,1,150000,0,1,8,2,80,2000,1000,-0.43,0.4,-0.17,1,3,14,2412,804,-0.0352,0.6,-0.02112,,,,,,,,0,0,-0.096274286,2.75,3,2,2.5,2,2.45,1,2,1,1,1,1,1,4.2,4.67,4.75,4.6,4.33,5,4.59,-0.2,1,1.75,0.6,0.666666667,1.25,0.844444444
158,1,3,1,58,1,2,3,9,0,1,1,150000,0,0,8,2,120,3500,1750,3.19,0.4,1.28,1,3,13,2500,833.3333333,,0.6,0,,,,,,,,0,0,,2.75,3,2,2.5,2,2.45,1,2,1,1,1,1,1,4.4,3.67,3,4,3.67,3.75,3.75,0.4,-1,-1.25,-0.4,-0.333333333,-1.25,-0.638888889
162,1,3,0,55,5,2,4,8,1,1,1,200000,1,1,1,17,16,7100,417.65,0.01,1,0.01,,,,,,,0,0,,,,,,,,0,0,0.014285714,1.25,2,1.666666667,1,1.5,1.483333333,3,1,1,1,1,1,1,4,4.67,4.25,4.4,4,5,4.39,-0.4,0.666666667,0,0.8,0.333333333,1,0.4
162,1,3,0,55,5,2,4,8,1,1,1,200000,1,0,1,17,15,7000,411.76,0.29,1,0.29,,,,,,,0,0,,,,,,,,0,0,,1.25,2,1.666666667,1,1.5,1.483333333,3,1,1,1,1,1,1,4.4,4,4.25,3.6,3.67,4,3.99,-0.2,0,0,-0.8,0.333333333,0,-0.111111111
167,1,1,1,34,3,1,3,7,0,1,1,150000,0,1,8,25,20,8000,320,7,0.5,3.5,7,25,10,6000,240,0.5,0.5,0.25,,,,,,,,0,0,1.875,1.5,1.333333333,2,2,2,1.766666667,2,5,,,,,,4.6,4,4.25,4.4,3.33,4,4.1,0.2,0.67,1.5,-0.6,-0.67,-0.25,0.14
167,1,1,1,34,3,1,3,7,0,1,1,150000,0,0,8,25,35,1000,40,-0.5,0.5,-0.25,7,25,20,4000,160,,0.5,0,,,,,,,,0,0,,1.5,1.333333333,2,2,2,1.766666667,2,5,,,,,,4.4,3.33,2.75,5,4,4.25,3.96,0.8,-1.333333333,-1.75,0.6,-0.666666667,-0.25,-0.433333333
168,1,4,1,59,3,2,7,17,0,0,1,180000,0,1,7,5,20,400,80,0,1,0,,,,,,,0,0,,,,,,,,0,0,0,1.5,1.333333333,2.333333333,1.5,1.5,1.633333333,2,5,,,,,,3.6,4.67,4.5,4.4,4.67,4.5,4.39,-1,1,0,0,1,-0.25,0.125
168,1,4,1,59,3,2,7,17,0,0,1,180000,0,0,7,5,22,400,80,0.6,1,0.6,,,,,,,0,0,,,,,,,,0,0,,1.5,1.333333333,2.333333333,1.5,1.5,1.633333333,2,5,,,,,,4.6,3.67,4.5,4.4,3.67,4.75,4.26,0.4,-1,0,0.2,-0.333333333,0.25,-0.080555556
172,1,1,0,42,5,2,3,7,0,0,1,200000,0,1,7,10,30,500,50,0,1,0,,,,,,,0,0,,,,,,,,0,0,0,4.5,4.333333333,4.666666667,4.5,4.5,4.5,3,2,1,1,1,1,1,4.2,4.67,4.5,4.2,4,4.5,4.34,0.4,0.67,0.5,0.4,1,0.5,0.58
172,1,1,0,42,5,2,3,7,0,0,1,200000,0,0,7,10,28,500,50,-0.92,1,-0.92,,,,,,,0,0,,,,,,,,0,0,,4.5,4.333333333,4.666666667,4.5,4.5,4.5,3,2,1,1,1,1,1,3.8,4,4,3.8,3,4,3.77,-0.8,0.333333333,-0.75,-0.6,-1.666666667,-0.75,-0.705555556
176,1,1,1,45,6,1,4,9,0,0,1,400000,1,1,7,10,70,6000,600,0.5,0.83,0.42,8,2,110,1500,750,0,0.166666667,0,,,,,,,,0,0,0.416666667,1.25,1.666666667,1.666666667,1.5,1,1.416666667,2,1,1,1,0,0,1,4.6,3.67,4.75,4.4,4.67,4.75,4.47,0.2,-1,0.25,-0.4,1.666666667,-0.25,0.077777778
176,1,1,1,45,6,1,4,9,0,0,1,400000,1,0,7,10,65,4000,400,-0.84,0.83,-0.7,8,2,100,1500,750,,0.166666667,0,,,,,,,,0,0,,1.25,1.666666667,1.666666667,1.5,1,1.416666667,2,1,1,1,0,0,1,4.4,4.67,4.5,4.8,3,5,4.39,-0.4,0,0.75,0.2,-1,0,-0.075
177,1,2,1,58,3,2,6,17,0,1,1,200000,1,1,8,1,105,2500,2500,-0.17,1,-0.17,,,,,,,0,0,,,,,,,,0,0,-0.17,1.5,1.666666667,1.333333333,1.5,1.5,1.5,1,5,,,,,,4.8,4.67,3.75,4.6,4,5,4.47,0.8,0.666666667,-1,0.6,0,0.5,0.261111111
177,1,2,1,58,3,2,6,17,0,1,1,200000,1,0,8,1,110,3000,3000,4.63,1,4.63,,,,,,,0,0,,,,,,,,0,0,,1.5,1.666666667,1.333333333,1.5,1.5,1.5,1,5,,,,,,4,4,4.75,4,4,4.5,4.21,-0.4,0,0.25,-0.2,-0.333333333,0.25,-0.072222222
178,1,2,1,50,5,2,4,20,1,0,1,160000,0,1,1,15,15,8000,533.33,0.11,1,0.11,,,,,,,0,0,,,,,,,,0,0,0.111111111,1.75,1.333333333,1.666666667,1.5,1.5,1.55,2,5,,,,,,4.4,4,4.5,4.2,4.33,4.25,4.28,0.4,0.33,1,0.8,1,0.5,0.67
178,1,2,1,50,5,2,4,20,1,0,1,160000,0,0,1,15,13,7200,480,1.4,1,1.4,,,,,,,0,0,,,,,,,,0,0,1.4,1.75,1.333333333,1.666666667,1.5,1.5,1.55,2,5,,,,,,4,3.67,3.5,3.4,3.33,3.75,3.61,1.2,0,1,0,0,0.25,0.408333333
181,0,1,1,51,3,2,4,6,0,0,1,400000,0,1,1,6,9,1200,200,-0.23,1,-0.23,,,,,,,0,0,,,,,,,,0,0,-0.228571429,2.75,2,3,2.5,2.5,2.55,4,3,1,1,1,1,0,2.8,3.67,2.5,3.4,3.33,3.5,3.2,-0.2,0,0,0.2,0,0.25,0.04
181,0,1,1,51,3,2,4,6,0,0,1,400000,0,0,1,6,9,1555.555556,259.26,-0.71,1,-0.71,,,,,,,0,0,,,,,,,,0,0,,2.75,2,3,2.5,2.5,2.55,4,3,1,1,1,1,0,3,3.67,2.5,3.2,3.33,3.25,3.16,-1.2,0.333333333,-1.25,-0.4,0.666666667,-0.5,-0.391666667
185,1,1,1,37,5,1,3,10,0,0,1,200000,0,1,1,150,9.6,135000,900,0.13,1,0.13,,,,,,,0,0,,,,,,,,0,0,0.125,2.5,3,2.666666667,3.5,3.5,3.033333333,2,5,,,,,,4.2,3.33,3.75,3.6,2.67,3.75,3.55,0.6,0.333333333,0.25,0.4,0,0,0.263888889
185,1,1,1,37,5,1,3,10,0,0,1,200000,0,0,1,150,9.6,120000,800,-0.67,1,-0.67,,,,,,,0,0,,,,,,,,0,0,,2.5,3,2.666666667,3.5,3.5,3.033333333,2,5,,,,,,3.6,3,3.5,3.2,2.67,3.75,3.29,-1.2,-2,-0.75,-1.2,-2,-1,-1.358333333
206,1,2,1,53,5,2,3,32,0,1,1,60000,1,1,8,2,105,4800,2400,0.71,0.4,0.29,7,3,80,1000,333.3333333,-0.166666667,0.6,-0.1,,,,,,,,0,0,0.09,4,3.333333333,3.333333333,3.5,4,3.633333333,3,1,1,1,1,1,1,4.8,5,4.25,4.4,4.67,4.75,4.64,0.4,0.33,-0.25,0,0.33,-0.25,0.09
206,1,2,1,53,5,2,3,32,0,1,1,60000,1,0,8,2,100,2800,1400,0.75,0.4,0.3,7,3,75,1200,400,,0.6,0,,,,,,,,0,0,,4,3.333333333,3.333333333,3.5,4,3.633333333,3,1,1,1,1,1,1,4.4,4.67,4.5,4.4,4.33,5,4.55,0.2,1.333333333,0.75,0.2,0.666666667,1.25,0.733333333
208,0,6,0,62,1,2,4,10,0,0,1,250000,1,1,1,17,10,13600,800,0.14,1,0.14,,,,,,,0,0,,,,,,,,0,0,0.142857143,3.25,3.333333333,3,2.5,3.5,3.116666667,3,2,1,1,1,1,0,4.2,3.33,3.75,4.2,3.67,3.75,3.82,0.2,0.333333333,1,0,0,0,0.255555556
208,0,6,0,62,1,2,4,10,0,0,1,250000,1,0,1,17,10,11900,700,0.75,1,0.75,,,,,,,0,0,,,,,,,,0,0,,3.25,3.333333333,3,2.5,3.5,3.116666667,3,2,1,1,1,1,0,4,3,2.75,4.2,3.67,3.75,3.56,-0.4,-1.666666667,-2,0,0,0,-0.677777778
308,1,5,1,55,4,2,4,8,0,0,1,60000,0,1,1,10,15,4000,400,-0.11,1,-0.11,,,,,,,0,0,,,,,,,,0,0,-0.111111111,4,4,4.333333333,3.5,4.5,4.066666667,4,5,,,,,,4.4,4.67,4.75,4.2,3.67,3.75,4.24,0.4,0.666666667,0.75,0,-0.666666667,0.25,0.233333333
308,1,5,1,55,4,2,4,8,0,0,1,60000,0,0,1,10,13,4500,450,-0.33,1,-0.33,,,,,,,0,0,,,,,,,,0,0,,4,4,4.333333333,3.5,4.5,4.066666667,4,5,,,,,,4,4,4,4.2,4.33,3.5,4.01,-0.6,-0.333333333,-0.75,-0.6,0.333333333,-1.5,-0.575
316,1,5,1,47,5,1,3,6,1,0,1,70000,0,1,1,6,14,4000,666.67,-0.11,1,-0.11,,,,,,,0,0,,,,,,,,0,0,-0.111111111,4,4,4,4.5,3.5,4,4,1,1,1,1,1,1,4.6,4.33,4.75,4.8,4,5,4.58,0.4,0.333333333,1,1.2,-0.333333333,1.5,0.683333333
316,1,5,1,47,5,1,3,6,1,0,1,70000,0,0,1,6,15,4500,750,0.8,1,0.8,,,,,,,0,0,,,,,,,,0,0,,4,4,4,4.5,3.5,4,4,1,1,1,1,1,1,4.2,4,3.75,3.6,4.33,3.5,3.9,0,-0.333333333,-0.25,0.2,0.666666667,-0.75,-0.077777778
317,1,1,1,56,5,1,3,8,1,0,1,80000,0,1,1,18,15,7500,416.67,0.07,1,0.07,,,,,,,0,0,,,,,,,,0,0,0.071428571,4,4,4.333333333,4.5,3.5,4.066666667,3,5,,,,,,4.2,4.33,4,3.4,3.67,4.25,3.98,-0.4,0.33,0.5,0,0,0.75,0.2
317,1,1,1,56,5,1,3,8,1,0,1,80000,0,0,1,18,15,7000,388.89,-0.38,1,-0.38,,,,,,,0,0,,,,,,,,0,0,,4,4,4.333333333,4.5,3.5,4.066666667,3,5,,,,,,4.6,4,3.5,3.4,3.67,3.5,3.78,0.6,-0.333333333,-0.25,-0.2,-0.666666667,-1.5,-0.391666667
321,1,6,1,41,3,2,5,15,1,0,0,0,0,1,1,16,13,10000,625,-0.17,1,-0.17,,,,,,,0,0,,,,,,,,0,0,-0.166666667,2,3.333333333,1.666666667,2.5,3.5,2.6,2,5,,,,,,4,4.33,3.75,3.6,4.33,5,4.17,0.6,1,0.75,0.6,1.666666667,3,1.269444444
321,1,6,1,41,3,2,5,15,1,0,0,0,0,0,1,16,15,12000,750,1.11,1,1.11,,,,,,,0,0,,,,,,,,0,0,,2,3.333333333,1.666666667,2.5,3.5,2.6,2,5,,,,,,3.4,3.33,3,3,2.67,2,2.9,3.4,-0.466666667,-0.333333333,-0.25,-1.133333333,-1.333333333,-0.603333333
325,1,6,1,51,4,2,4,20,0,0,0,0,1,1,2,30,50,10680,356,-0.03,1,-0.03,,,,,,,0,0,,,,,,,,0,0,-0.029090909,1.25,2.333333333,2,1.5,3.5,2.116666667,1,5,,,,,,,3.8,3.33,3.25,3.8,3.33,3.5,-3.8,0.466666667,-0.166666667,0.65,0.8,0.083333333,0.256111111
325,1,6,1,51,4,2,4,20,0,0,0,0,1,0,2,30,53,11000,366.67,-0.36,1,-0.36,,,,,,,0,0,,,,,,,,0,0,,1.25,2.333333333,2,1.5,3.5,2.116666667,1,5,,,,,,3.8,3.33,3.5,2.6,3,3.25,3.25,-0.8,-0.333333333,-0.5,-0.8,-0.666666667,-0.5,-0.6
329,1,1,1,46,4,2,5,15,1,0,0,0,1,1,1,26,15,15000,576.92,-0.04,1,-0.04,,,,,,,0,0,,,,,,,,0,0,-0.038461538,1.25,2,1.333333333,1.5,3.5,1.916666667,1,1,1,0,1,1,0,4.6,3.67,4,3.4,3.67,3.75,3.85,0.6,-0.333333333,0.5,-0.4,-0.33,0,0.01
329,1,1,1,46,4,2,5,15,1,0,0,0,1,0,1,26,13,15600,600,-0.2,1,-0.2,,,,,,,0,0,,,,,,,,0,0,,1.25,2,1.333333333,1.5,3.5,1.916666667,1,1,1,0,1,1,0,4,4,3.5,3.8,4,3.75,3.84,-0.2,0,0.25,-0.4,-0.333333333,-0.25,-0.155555556
330,1,1,1,53,5,1,3,5,1,0,1,50000,0,1,1,4,15,3000,750,0.11,1,0.11,,,,,,,0,0,,,,,,,,0,0,0.111111111,3.75,3.666666667,4,4.5,4,3.983333333,3,5,,,,,,4.2,4,3.25,4.2,4.33,4,4,0.6,0.67,-0.25,0.8,0.67,-0.25,0.37
330,1,1,1,53,5,1,3,5,1,0,1,50000,0,0,1,4,13,2700,675,336.5,1,336.5,,,,,,,0,0,,,,,,,,0,0,,3.75,3.666666667,4,4.5,4,3.983333333,3,5,,,,,,3.6,3.33,3.5,3.4,3.67,4.25,3.63,-0.8,-0.333333333,-0.75,-0.4,-0.333333333,0,-0.436111111
343,0,5,1,53,5,2,4,22,0,0,0,0,1,1,9,10,1000,20,2,0.11,1,0.11,,,,,,,0,0,,,,,,,,0,0,0.111111111,1.5,2.333333333,1.666666667,1.5,3,2,1,5,,,,,,4.4,3.67,4.25,3.8,4,4.25,4.06,1.4,0.67,1.25,0.8,0,1.25,0.89
343,0,5,1,53,5,2,4,22,0,0,0,0,1,0,9,10,1300,18,1.8,-0.99,1,-0.99,,,,,,,0,0,,,,,,,,0,0,,1.5,2.333333333,1.666666667,1.5,3,2,1,5,,,,,,3,3,3,3,4,3,3.17,0.4,-0.666666667,-1.5,0,3,2,0.538888889
401,0,6,1,76,1,1,6,40,1,0,0,0,0,1,7,10,21.5,1375,137.5,0,1,0,,,,,,,0,0,,,,,,,,0,0,0,1,2.333333333,1,3.5,1,1.766666667,5,2,1,1,1,1,1,2.6,3.67,4.5,3,1,1,2.63,0,1.333333333,0,0,0,-1,0.055555556
401,0,6,1,76,1,1,6,40,1,0,0,0,0,0,7,10,21.5,1375,137.5,-0.73,1,-0.73,,,,,,,0,0,,,,,,,,0,0,,1,2.333333333,1,3.5,1,1.766666667,5,2,1,1,1,1,1,2.6,2.33,4.5,3,1,2,2.57,-0.2,-1.333333333,0,1.2,0,0.25,-0.013888889
402,0,6,1,58,2,2,2,20,0,1,0,0,1,1,7,20,120,10000,500,1,1,1,,,,,,,0,0,,,,,,,,0,0,1,2,1.333333333,2.333333333,2.5,3,2.233333333,3,5,,,,,,2.8,3.67,4.5,1.8,1,1.75,2.59,0,0,0,0,0,0,0
402,0,6,1,58,2,2,2,20,0,1,0,0,1,0,7,20,160,5000,250,-0.92,1,-0.92,,,,,,,0,0,,,,,,,,0,0,,2,1.333333333,2.333333333,2.5,3,2.233333333,3,5,,,,,,2.8,3.67,4.5,1.8,1,1.75,2.59,-2.2,-0.333333333,-0.5,-1.2,-3,-3.25,-1.747222222
405,0,6,1,65,3,2,4,30,1,1,1,.,1,1,2,15,5,48000,3200,0,0.83,0,8,3,35,54000,18000,0,0.166666667,0,,,,,,,,0,0,0,2.25,2.333333333,1,4,2.5,2.416666667,3,5,,,,,,5,4,5,3,4,5,4.33,0,0,0,0,1,0,0.166666667
405,0,6,1,65,3,2,4,30,1,1,1,.,1,0,2,15,9,48000,3200,#DIV/0!,0.83,#DIV/0!,8,3,20,54000,18000,14,0.166666667,2.333333333,,,,,,,,0,0,,2.25,2.333333333,1,4,2.5,2.416666667,3,5,,,,,,5,4,5,3,3,5,4.17,0,1,1.25,0,0,3,0.875
406,0,6,1,66,5,2,4,35,1,1,1,.,1,1,2,10,0,0,0,0,0.25,0,1,30,9,36000,1200,0,0.75,0,,,,,,,,0,0,0,2,1.666666667,1,1.5,4,2.033333333,5,5,,,,,,5,3,3.75,3,3,2,3.29,0,0,0,0,0,0,0
406,0,6,1,66,5,2,4,35,1,1,1,.,1,0,2,10,0,0,0,-1,0.25,-0.25,1,30,7,36000,1200,,0.75,0,,,,,,,,0,0,,2,1.666666667,1,1.5,4,2.033333333,5,5,,,,,,5,3,3.75,3,3,2,3.29,0,-1,0.25,-0.4,-0.666666667,-3,-0.802777778
407,0,6,1,64,5,2,3,13,0,0,0,0,1,1,7,10,5,9600,960,0,1,0,,,,,,,0,0,,,,,,,,0,0,0,1.75,2.666666667,2,1.5,2.5,2.083333333,4,2,1,1,1,1,1,5,4,3.5,3.4,3.67,5,4.09,0,1.333333333,0.5,0,0,0,0.305555556
407,0,6,1,64,5,2,3,13,0,0,0,0,1,0,7,10,5,9600,960,-0.47,1,-0.47,,,,,,,0,0,,,,,,,,0,0,,1.75,2.666666667,2,1.5,2.5,2.083333333,4,2,1,1,1,1,1,5,2.67,3,3.4,3.67,5,3.79,0,-0.333333333,0,1.2,2.666666667,4,1.255555556
408,1,6,0,34,3,2,5,18,0,0,0,0,0,1,2,10,23,18000,1800,0,1,0,,,,,,,0,0,,,,,,,,0,0,0,1.5,1.666666667,1,3,4,2.233333333,1,2,1,0,0,0,1,5,3,3,2.2,1,1,2.53,1,0,0,0.2,0,0,0.2
408,1,6,0,34,3,2,5,18,0,0,0,0,0,0,2,10,20,18000,1800,4.4,1,4.4,,,,,,,0,0,,,,,,,,0,0,,1.5,1.666666667,1,3,4,2.233333333,1,2,1,0,0,0,1,4,3,3,2,1,1,2.33,-1,0,0.5,-0.2,-2,-2,-0.783333333
410,0,6,1,53,2,2,4,46,1,1,1,50000,1,1,7,1.8,35,600,333.33,0.5,0.06,0.03,2,6,6,15000,2500,0,0.215827338,0,2,1,20,360,20,18,0,0.71942446,0,0.032374101,1,1,1,3,2.5,,3,5,,,,,,5,3,2.5,2.2,3,3,3.12,0,0,0,0,0,0,0
410,0,6,1,53,2,2,4,46,1,1,1,50000,1,0,7,1.8,35,400,222.22,0.85,0.06,0.06,2,6,6,15000,2500,1.5,0.215827338,0.323741007,2,1,20,360,20,18,-0.965,0.71942446,-0.694244604,,1,1,1,3,2.5,1.7,3,5,,,,,,5,3,2.5,2.2,3,3,3.12,0,-2,-1.75,-0.8,-0.333333333,-1,-0.980555556
411,0,6,1,59,3,4,6,30,0,1,1,144000,1,1,7,5,60,600,120,-0.7,0.05,-0.04,2,20,5,20000,1000,0,0.210526316,0,2,1,70,36000,22,514.2857143,0,0.736842105,0,-0.036842105,1.5,1,1,1,2.5,,1,2,1,1,1,1,1,5,5,4.25,3,3.33,4,4.1,0,0,0,0,0,0,0
411,0,6,1,59,3,4,6,30,0,1,1,144000,1,0,7,5,30,2000,400,-0.75,0.05,-0.04,2,20,6,20000,1000,-0.861111111,0.210526316,-0.18128655,2,1,70,36000,22,514.2857143,,0.736842105,0,,1.5,1,1,1,2.5,1.4,1,2,1,1,1,1,1,5,5,4.25,3,3.33,4,4.1,0,0.333333333,0,-1.6,0,-1,-0.377777778
412,1,6,1,61,5,2,4,12,0,0,1,360000,1,1,7,40,30,64000,1600,0,0.4,0,2,60,6,432000,7200,0,0.6,0,,,,,,,,0,0,0,2,1,1.666666667,1,2,1.533333333,1,5,,,,,,5,4.67,4.25,4.6,3.33,5,4.48,0,0,0,0,0,0,0
412,1,6,1,61,5,2,4,12,0,0,1,360000,1,0,7,40,25,64000,1600,7,0.4,2.8,2,60,6,432000,7200,,0.6,0,,,,,,,,0,0,,2,1,1.666666667,1,2,1.533333333,1,5,,,,,,5,4.67,4.25,4.6,3.33,5,4.48,0,0.666666667,0.75,2,1.333333333,3,1.291666667
413,0,6,0,55,1,2,2,32,0,0,0,0,1,1,7,6,20,1200,200,-0.14,1,-0.14,,,,,,,0,0,,,,,,,,0,0,-0.142857143,3.5,2.333333333,1.666666667,2,2,2.3,3,5,,,,,,5,4,3.5,2.6,2,2,3.18,0,0,0,0,0,0,0
413,0,6,0,55,1,2,2,32,0,0,0,0,1,0,9,6,20,1400,233.33,-0.97,1,-0.97,,,,,,,0,0,,,,,,,,0,0,,3.5,2.333333333,1.666666667,2,2,2.3,3,5,,,,,,5,4,3.5,2.6,2,2,3.18,0,-1,-1.5,-2.4,-3,-3,-1.816666667
414,1,6,0,38,6,2,4,9,0,1,1,480000,1,1,8,0.5,90,3780,7560,0,0.14,0,7,3,40,1000,333.3333333,0,0.857142857,0,,,,,,,,0,0,0,1,1.666666667,1.666666667,1,3,1.666666667,2,2,1,1,1,1,1,5,5,5,5,5,5,5,0,0,0,0,0,0,0
414,1,6,0,38,6,2,4,9,0,1,1,480000,1,0,8,0.5,90,3780,7560,74.6,0.14,10.66,7,3,40,1000,333.3333333,,0.857142857,0,,,,,,,,0,0,,1,1.666666667,1.666666667,1,3,1.666666667,2,2,1,1,1,1,1,5,5,5,5,5,5,5,0,0.666666667,0,0,0,0,0.111111111
415,1,6,1,43,6,2,4,3,0,0,1,2000000,1,1,7,10,50,1000,100,0,1,0,,,,,,,0,0,,,,,,,,0,0,0,1,1.666666667,1,1,2,1.333333333,1,1,1,1,1,1,0,5,4.33,5,5,5,5,4.89,0,0,0,0,0,0,0
415,1,6,1,43,6,2,4,3,0,0,1,2000000,1,0,7,10,50,1000,100,-0.75,1,-0.75,,,,,,,0,0,,,,,,,,0,0,,1,1.666666667,1,1,2,1.333333333,1,1,1,1,1,1,0,5,4.33,5,5,5,5,4.89,0.4,-0.666666667,0.75,3.2,4,4,1.947222222
417,1,6,0,45,4,1,2,5,0,0,1,.,1,1,1,2.5,18,1000,400,0,1,0,,,,,,,0,0,,,,,,,,0,0,0,1,1,1,2,1,1.2,1,4,1,1,1,0,0,4.6,5,4.25,1.8,1,1,2.94,0,0,0.25,0,0,0,0.041666667
417,1,6,0,45,4,1,2,5,0,0,1,.,1,0,1,2.5,18,1000,400,-0.6,1,-0.6,,,,,,,0,0,,,,,,,,0,0,,1,1,1,2,1,1.2,1,4,1,1,1,0,0,4.6,5,4,1.8,1,1,2.9,1.6,1,-1,-3.2,-3.333333333,-3.5,-1.405555556
418,1,6,0,25,5,1,5,3,0,0,1,180000,1,1,8,10,200,10000,1000,0,1,0,,,,,,,0,0,,,,,,,,0,0,0,2,1,1.666666667,1,2,1.533333333,1,1,1,1,1,0,1,3,4,5,5,4.33,4.5,4.31,1,1,0,0,0,-0.5,0.25
418,1,6,0,25,5,1,5,3,0,0,1,180000,1,0,8,10,200,10000,1000,6.69,1,6.69,,,,,,,0,0,,,,,,,,0,0,,2,1,1.666666667,1,2,1.533333333,1,1,1,1,1,0,1,2,3,5,5,4.33,5,4.06,-2,-2,0.75,0.2,-0.666666667,0,-0.619444444
419,1,6,0,36,5,1,7,10,1,0,1,240000,1,1,7,10,90,1300,130,0,1,0,8,0.045,120,3600,80000,0,0.004479841,0,,,,,,,,0,0,0,1,1,1,1,5,1.8,1,1,1,1,1,1,1,4,5,4.25,4.8,5,5,4.68,0,0,0,0,0,0,0
419,1,6,0,36,5,1,7,10,1,0,1,240000,1,0,7,10,90,1300,130,-0.48,1,-0.48,8,0.045,120,3600,80000,,0.004479841,0,,,,,,,,0,0,,1,1,1,1,5,1.8,1,1,1,1,1,1,1,4,5,4.25,4.8,5,5,4.68,-1,0,-0.75,-0.2,1.666666667,0.25,-0.005555556
420,1,6,0,62,5,2,3,31,1,1,0,0,1,1,7,12,75,3000,250,0.2,1,0.2,,,,,,,0,0,,,,,,,,0,0,0.2,1.5,1,1,2,1,1.3,1,2,1,1,1,1,1,5,5,5,5,3.33,4.75,4.68,0,0,0.25,0,0.333333333,0.25,0.138888889
420,1,6,0,62,5,2,3,31,1,1,0,0,1,0,7,12,75,2500,208.33,-0.83,1,-0.83,,,,,,,0,0,,,,,,,,0,0,,1.5,1,1,2,1,1.3,1,2,1,1,1,1,1,5,5,4.75,5,3,4.5,4.54,1,0.666666667,0.5,0.4,0,-0.5,0.344444444
421,1,6,0,47,5,1,6,15,0,1,0,0,1,1,8,1,250,1250,1250,0,1,0,,,,,,,0,0,,,,,,,,0,0,0,1,1,1,1,1,1,1,1,1,1,1,1,1,4,4.33,4.25,4.6,3,5,4.2,0,0,0,0.2,0,0,0.033333333
421,1,6,0,47,5,1,6,15,0,1,0,0,1,0,8,1,250,1250,1250,-0.48,1,-0.48,,,,,,,0,0,,,,,,,,0,0,,1,1,1,1,1,1,1,1,1,1,1,1,1,4,4.33,4.25,4.4,3,5,4.16,1,1.666666667,-0.25,1.2,0.333333333,0,0.658333333
422,1,6,1,36,5,2,3,7,0,1,1,300000,1,1,2,10,5,24000,2400,0,1,0,,,,,,,0,0,,,,,,,,0,0,0,2.25,1.666666667,1,1,3,1.783333333,3,5,,,,,,3,2.67,4.5,3.2,2.67,5,3.51,0,0,0,0,0,0,0
422,1,6,1,36,5,2,3,7,0,1,1,300000,1,0,2,10,5,24000,2400,,1,0,,,,,,,0,0,,,,,,,,0,0,,2.25,1.666666667,1,1,3,1.783333333,3,5,,,,,,3,2.67,4.5,3.2,2.67,5,3.51,-1,-1.666666667,-0.5,-1,-2,0.25,-0.986111111
423,1,6,1,39,3,2,2,10,0,1,1,480000,1,1,2,21,0,0,0,,1,0,,,,,,,0,0,,,,,,,,0,0,0,1.5,1.666666667,2.333333333,1,3.5,2,1,5,,,,,,4,4.33,5,4.2,4.67,4.75,4.49,0,0,0,0,0,0,0
423,1,6,1,39,3,2,2,10,0,1,1,480000,1,0,2,21,0,0,0,-1,1,-1,,,,,,,0,0,,,,,,,,0,0,,1.5,1.666666667,2.333333333,1,3.5,2,1,5,,,,,,4,4.33,5,4.2,4.67,4.75,4.49,0,0.333333333,0.5,0.8,2,1.25,0.813888889
424,1,6,1,29,4,1,2,11,1,0,1,150000,1,1,7,5,3,3000,600,0,1,0,,,,,,,0,0,,,,,,,,0,0,0,1.75,1.666666667,1.333333333,1,2,1.55,4,2,1,1,1,1,1,4,4,4.5,3.4,2.67,3.5,3.68,1,0.666666667,0.5,0.4,0,0.25,0.469444444
424,1,6,1,29,4,1,2,11,1,0,1,150000,1,0,7,5,3,3000,600,0.4,1,0.4,,,,,,,0,0,,,,,,,,0,0,,1.75,1.666666667,1.333333333,1,2,1.55,4,2,1,1,1,1,1,3,3.33,4,3,2.67,3.25,3.21,-1,-0.666666667,-0.5,-2,-1.666666667,-1.75,-1.263888889
425,1,6,0,42,5,2,5,12,0,1,0,0,1,1,7,70,35,30000,428.57,0,1,0,,,,,,,0,0,,,,,,,,0,0,0,1,2.333333333,1,1,1,1.266666667,1,2,1,1,1,1,1,4,4,4.5,5,4.33,5,4.47,0,0,0,0,0,0,0
425,1,6,0,42,5,2,5,12,0,1,0,0,1,0,7,70,35,30000,428.57,1.24,1,1.24,,,,,,,0,0,,,,,,,,0,0,,1,2.333333333,1,1,1,1.266666667,1,2,1,1,1,1,1,4,4,4.5,5,4.33,5,4.47,-0.8,-0.333333333,-0.5,0.4,-0.333333333,2,0.072222222
500,0,6,0,51,4,2,4,20,0,0,1,480000,1,1,2,73,6.5,13950,191.1,0.12,1,0.12,,,,,,,0,0,,,,,,,,0,0,0.116,1,1,1,1,1,1,1,5,,,,,,4.8,4.33,5,4.6,4.67,3,4.4,0.2,0,0,0,0,0,0.033333333
500,0,6,0,51,4,2,4,20,0,0,1,480000,1,0,2,73,6.5,12500,171.23,0.14,1,0.14,,,,,,,0,0,,,,,,,,0,0,,1,1,1,1,1,1,1,5,,,,,,4.6,4.33,5,4.6,4.67,3,4.37,0.6,0.333333333,0,0.6,1.333333333,-1,0.311111111
501,1,3,0,42,4,2,3,3,0,0,1,120000,1,1,7,4,500,600,150,0.2,1,0.2,,,,,,,0,0,,,,,,,,0,0,0.2,2.5,3.666666667,1.333333333,2,3,2.5,1,5,,,,,,4,4,5,4,3.33,4,4.06,0.6,0.666666667,0,0.8,0,0,0.344444444
501,1,3,0,42,4,2,3,3,0,0,1,120000,1,0,7,4,750,500,125,-0.35,1,-0.35,,,,,,,0,0,,,,,,,,0,0,,2.5,3.666666667,1.333333333,2,3,2.5,1,5,,,,,,3.4,3.33,5,3.2,3.33,4,3.71,-1.4,-1,0,-1.4,-1.333333333,1,-0.688888889
502,0,6,1,54,4,2,4,20,0,0,1,480000,1,1,2,73,6.5,13950,191.1,0.12,1,0.12,,,,,,,0,0,,,,,,,,0,0,0.116,1,1,1,1,1,1,1,5,,,,,,4.8,4.33,5,4.6,4.67,3,4.4,0.2,0,0,0,0,0,0.033333333
502,0,6,1,54,4,2,4,20,0,0,1,480000,1,0,2,73,6.5,12500,171.23,3.89,1,3.89,,,,,,,0,0,,,,,,,,0,0,,1,1,1,1,1,1,1,5,,,,,,4.6,4.33,5,4.6,4.67,3,4.37,1.4,1.333333333,4,2.6,2.333333333,2,2.277777778
503,0,6,0,74,1,2,2,30,0,0,0,0,0,1,7,10,15,350,35,-0.13,1,-0.13,,,,,,,0,0,,,,,,,,0,0,-0.125,1.75,1.333333333,1.5,2.5,2,1.816666667,1,5,,,,,,3.2,3,1,2,2.33,1,2.09,0,0,0,0,0,0,0
503,0,6,0,74,1,2,2,30,0,0,0,0,0,0,7,10,20,400,40,-0.94,1,-0.94,,,,,,,0,0,,,,,,,,0,0,,1.75,1.333333333,1.5,2.5,2,1.816666667,1,5,,,,,,3.2,3,1,2,2.33,1,2.09,-0.6,-0.333333333,-0.5,-0.4,0.666666667,0,-0.194444444
504,0,6,0,61,4,2,5,30,0,0,1,600000,0,1,2,15,53,10500,700,0,0.54,0,7,13,30,500,38.46153846,-0.583333333,0.464285714,-0.270833333,,,,,,,,0,0,-0.135416667,1.75,2.333333333,3,2,1,2.016666667,1,5,,,,,,3.8,3.33,1.5,2.4,1.67,1,2.28,0,0,0,0,0,0,0
504,0,6,0,61,4,2,5,30,0,0,1,600000,0,0,2,15,60,10500,700,-0.53,0.54,-0.29,7,13,40,1200,92.30769231,,0.464285714,0,,,,,,,,0,0,,1.75,2.333333333,3,2,1,2.016666667,1,5,,,,,,3.8,3.33,1.5,2.4,1.67,1,2.28,-1.2,-0.666666667,-3.5,-2.6,-3.333333333,-4,-2.55
505,1,3,1,44,5,1,3,6,0,0,1,480000,1,1,1,40,20,60000,1500,0.2,1,0.2,,,,,,,0,0,,,,,,,,0,0,0.2,1,1,1,1,1,1,1,1,1,1,1,1,1,5,4,5,5,5,5,4.83,0,0,0,0,0,0,0
505,1,3,1,44,5,1,3,6,0,0,1,480000,1,0,1,40,17,50000,1250,-0.38,1,-0.38,,,,,,,0,0,,,,,,,,0,0,,1,1,1,1,1,1,1,1,1,1,1,1,1,5,4,5,5,5,5,4.83,0,-1,1,0.8,0,0,0.133333333
506,1,3,1,65,3,2,4,40,0,1,0,0,1,1,8,15,120,30000,2000,0,0.6,0,8,10,65,3000,300,0,0.4,0,,,,,,,,0,0,0,1.5,2.666666667,1,1,1,1.433333333,1,1,1,1,0,0,0,5,5,4,4.2,5,5,4.7,1,1,0.5,0.4,0,0,0.483333333
506,1,3,1,65,3,2,4,40,0,1,0,0,1,0,8,15,120,30000,2000,49,0.6,29.4,8,10,65,3000,300,-0.625,0.4,-0.25,,,,,,,,0,0,,1.5,2.666666667,1,1,1,1.433333333,1,1,1,1,0,0,0,4,4,3.5,3.8,5,5,4.22,-1,0,-1.5,-1.2,0,0,-0.616666667
507,1,3,0,42,4,2,5,35,0,1,1,360000,1,1,7,20,20,800,40,0,0.87,0,8,3,18,2400,800,0,0.130434783,0,,,,,,,,0,0,0,2,1,1,1,1,1.2,4,1,1,0,1,0,1,5,4,5,5,5,5,4.83,1,0,0,0.4,0.333333333,0,0.288888889
507,1,3,0,42,4,2,5,35,0,1,1,360000,1,0,7,20,20,800,40,-0.97,0.87,-0.84,8,3,25,2400,800,4.333333333,0.130434783,0.565217391,,,,,,,,0,0,,2,1,1,1,1,1.2,4,1,1,0,1,0,1,4,4,5,4.6,4.67,5,4.54,0,0,0,-0.4,-0.333333333,0,-0.122222222
508,1,3,0,40,5,2,3,20,0,1,0,0,1,1,1,5,13.5,7000,1400,0,0.83,0,9,1,90,150,150,-0.0625,0.166666667,-0.010416667,,,,,,,,0,0,-0.005208333,2,1.666666667,1,1,1,1.333333333,1,1,1,1,1,1,1,4,4,5,5,5,5,4.67,0,0,0,0,1,0,0.166666667
508,1,3,0,40,5,2,3,20,0,1,0,0,1,0,1,5,15.5,7000,1400,0.56,0.83,0.47,9,1,100,160,160,,0.166666667,0,,,,,,,,0,0,,2,1.666666667,1,1,1,1.333333333,1,1,1,1,1,1,1,4,4,5,5,4,5,4.5,0,-0.666666667,0.75,0,0.666666667,2,0.458333333
509,1,6,1,57,5,2,4,20,1,0,1,400000,1,1,2,49,4,44000,897.96,-0.08,0.94,-0.08,7,3,90,15900,5300,0.223076923,0.057692308,0.012869822,,,,,,,,0,0,-0.032827909,1,1,1,1,1,1,1,5,,,,,,4,4.67,4.25,5,3.33,3,4.04,0,0,0,0,0,0,0
509,1,6,1,57,5,2,4,20,1,0,1,400000,1,0,2,49,5,48000,979.59,13.69,0.94,12.9,7,3,100,13000,4333.333333,,0.057692308,0,,,,,,,,0,0,,1,1,1,1,1,1,1,5,,,,,,4,4.67,4.25,5,3.33,3,4.04,-0.6,-0.333333333,-0.5,0.6,-0.666666667,-1,-0.416666667
510,0,6,1,56,5,2,4,10,1,0,1,300000,1,1,2,45,5.5,3000,66.67,0.2,1,0.2,,,,,,,0,0,,,,,,,,0,0,0.2,1,1,1.666666667,1,1,1.133333333,1,5,,,,,,4.6,5,4.75,4.4,4,4,4.46,0,0,0,0,0,0,0
510,0,6,1,56,5,2,4,10,1,0,1,300000,1,0,2,45,6,2500,55.56,-0.91,1,-0.91,,,,,,,0,0,,,,,,,,0,0,,1,1,1.666666667,1,1,1.133333333,1,5,,,,,,4.6,5,4.75,4.4,4,4,4.46,1.2,1,0.5,0.4,0,-0.25,0.475
512,0,3,1,50,4,2,4,40,0,0,1,480000,1,1,1,5,13.5,3000,600,0,1,0,,,,,,,0,0,,,,,,,,0,0,0,2,1,1,1,1,1.2,1,4,1,0,1,1,1,3.4,4,4.25,4,4,4.25,3.98,0,1,1,1,1,1,0.833333333
512,0,3,1,50,4,2,4,40,0,0,1,480000,1,0,1,5,15.5,3000,600,-0.4,1,-0.4,,,,,,,0,0,,,,,,,,0,0,,2,1,1,1,1,1.2,1,4,1,0,1,1,1,3.4,3,3.25,3,3,3.25,3.15,0.6,0,1,1,1,0.75,0.725
513,0,3,1,48,0,2,3,5,0,0,1,400000,1,1,8,1,70,1000,1000,0,1,0,,,,,,,0,0,,,,,,,,0,0,0,2,1.333333333,1,1,3.5,1.766666667,1,4,1,1,1,1,0,2.8,3,2.25,2,2,2.5,2.43,0,1,0,0,0,0,0.166666667
513,0,3,1,48,0,2,3,5,0,0,1,400000,1,0,8,1,50,1000,1000,4.33,1,4.33,,,,,,,0,0,,,,,,,,0,0,,2,1.333333333,1,1,3.5,1.766666667,1,4,1,1,1,1,0,2.8,2,2.25,2,2,2.5,2.26,-1,-1.666666667,-1,-1.4,-1,-0.5,-1.094444444
514,0,3,0,45,5,2,3,10,0,1,1,400000,1,1,1,16,18,3000,187.5,0.15,1,0.15,,,,,,,0,0,,,,,,,,0,0,0.153846154,2,2.666666667,2,2,2,2.133333333,2,5,,,,,,3.8,3.67,3.25,3.4,3,3,3.35,0.8,0.666666667,0.25,0.4,0,0,0.352777778
514,0,3,0,45,5,2,3,10,0,1,1,400000,1,0,1,16,15.6,2600,162.5,0.3,1,0.3,,,,,,,0,0,,,,,,,,0,0,,2,2.666666667,2,2,2,2.133333333,2,5,,,,,,3,3,3,3,3,3,3,0,0.666666667,1,1,1,1,0.777777778
515,0,3,0,50,1,1,2,10,0,1,0,0,1,1,1,16,18,2000,125,0,1,0,,,,,,,0,0,,,,,,,,0,0,0,1,1,1,2,1.5,1.3,1,4,0,,,,,3,2.33,2,2,2,2,2.22,-1,-0.333333333,0,0,0,0,-0.222222222
515,0,3,0,50,1,1,2,10,0,1,0,0,1,0,1,16,16,2000,125,0,1,0,,,,,,,0,0,,,,,,,,0,0,,1,1,1,2,1.5,1.3,1,4,0,,,,,4,2.67,2,2,2,2,2.44,1,0.333333333,0,0,0,0,0.222222222
516,0,3,1,60,1,2,3,50,0,0,0,0,1,1,1,16,18,2000,125,0,1,0,,,,,,,0,0,,,,,,,,0,0,0,1,1,1,2,1.5,1.3,1,4,0,,,,,3,2.33,2,2,2,2,2.22,-1,-0.333333333,0,0,0,0,-0.222222222
516,0,3,1,60,1,2,3,50,0,0,0,0,1,0,1,16,16,2000,125,-0.9,1,-0.9,,,,,,,0,0,,,,,,,,0,0,,1,1,1,2,1.5,1.3,1,4,0,,,,,4,2.67,2,2,2,2,2.44,1,-0.333333333,-1,-1,-1,-1,-0.555555556
517,0,3,1,60,4,2,4,20,0,0,0,0,1,1,1,15,18,18000,1200,0,1,0,,,,,,,0,0,,,,,,,,0,0,0,1,1,1,1,1,1,1,5,,,,,,3,3,3,3,3,3,3,0,0,0,0,0,0,0
517,0,3,1,60,4,2,4,20,0,0,0,0,1,0,1,15,17,18000,1200,119,1,119,,,,,,,0,0,,,,,,,,0,0,,1,1,1,1,1,1,1,5,,,,,,3,3,3,3,3,3,3,1,1,1,1,1,1,1
518,0,3,0,56,4,2,4,6,0,0,1,200000,1,1,8,1,20,10,10,0,1,0,,,,,,,0,0,,,,,,,,0,0,0,1,1,1,1,1,1,1,5,,,,,,2,2,2,2,2,2,2,-0.6,-0.666666667,-0.75,0,0,0,-0.336111111
518,0,3,0,56,4,2,4,6,0,0,1,200000,1,0,8,1,20,10,10,-0.93,1,-0.93,,,,,,,0,0,,,,,,,,0,0,,1,1,1,1,1,1,1,5,,,,,,2.6,2.67,2.75,2,2,2,2.34,-0.4,-0.333333333,-0.25,-1,-1,-1,-0.663888889
519,0,3,1,60,4,2,3,40,0,0,0,0,1,1,1,20,21,3000,150,0,1,0,,,,,,,0,0,,,,,,,,0,0,0,1,1,1,1,1,1,1,4,0,,,,,3,3,3,3,3,3,3,0,0,0,0,0,0,0
519,0,3,1,60,4,2,3,40,0,0,0,0,1,0,1,20,18.6,3000,150,-0.88,1,-0.88,,,,,,,0,0,,,,,,,,0,0,,1,1,1,1,1,1,1,4,0,,,,,3,3,3,3,3,3,3,0,0,0,0,0,0,0
520,0,3,0,60,4,2,4,20,0,0,0,0,1,1,1,15,21.5,18000,1200,0,1,0,,,,,,,0,0,,,,,,,,0,0,0,1,1,1,1,1,1,1,5,,,,,,3,3,3,3,3,3,3,0,0,0,0,0,0,0
520,0,3,0,60,4,2,4,20,0,0,0,0,1,0,1,15,19,18000,1200,0.02,1,0.02,,,,,,,0,0,,,,,,,,0,0,,1,1,1,1,1,1,1,5,,,,,,3,3,3,3,3,3,3,-0.4,-0.666666667,0,-0.4,0.666666667,-1,-0.3
521,0,3,1,60,4,2,4,20,0,0,1,100000,1,1,1,17,19.65,20000,1176.47,-0.02,1,-0.02,,,,,,,0,0,,,,,,,,0,0,-0.019607843,1,1,1,1,1,1,1,5,,,,,,3.4,3.67,3,3.4,2.33,4,3.3,0.4,0.666666667,0,0.4,0,1,0.411111111
521,0,3,1,60,4,2,4,20,0,0,1,100000,1,0,1,15,16.79,18000,1200,0.09,1,0.09,,,,,,,0,0,,,,,,,,0,0,,1,1,1,1,1,1,1,5,,,,,,3,3,3,3,2.33,3,2.89,0,0,0,0,-0.666666667,0,-0.111111111
522,0,3,1,65,4,2,4,40,0,0,0,0,1,1,1,10,18,11000,1100,0,1,0,,,,,,,0,0,,,,,,,,0,0,0,1,1,1,1,1,1,1,5,,,,,,3,3,3,3,3,3,3,0,0,0,0,0,0,0
522,0,3,1,65,4,2,4,40,0,0,0,0,1,0,1,10,15,11000,1100,-0.63,1,-0.63,,,,,,,0,0,,,,,,,,0,0,,1,1,1,1,1,1,1,5,,,,,,3,3,3,3,3,3,3,-1,-1,-1.5,-0.8,1.666666667,0.5,-0.355555556
523,0,3,0,50,1,2,4,36,0,0,1,400000,1,1,1,20,20,60000,3000,0,1,0,,,,,,,0,0,,,,,,,,0,0,0,1.5,1.666666667,1,1,1,1.233333333,1,3,1,1,1,1,0,4,4,4.5,3.8,1.33,2.5,3.36,0,0,0,0,0,0,0
523,0,3,0,50,1,2,4,36,0,0,1,400000,1,0,1,20,19,60000,3000,0.6,1,0.6,,,,,,,0,0,,,,,,,,0,0,,1.5,1.666666667,1,1,1,1.233333333,1,3,1,1,1,1,0,4,4,4.5,3.8,1.33,2.5,3.36,1.2,1,2.5,0.8,-1.333333333,-0.25,0.652777778
524,1,3,0,51,1,2,5,40,0,0,0,0,1,1,1,16,20,30000,1875,0,1,0,,,,,,,0,0,,,,,,,,0,0,0,1.25,1.666666667,1,1,1,1.183333333,1,4,0,,,,,2.8,3,2,3,2.67,2.75,2.7,0,0,0,0,0,0,0
524,1,3,0,51,1,2,5,40,0,0,0,0,1,0,1,16,16,30000,1875,0.25,1,0.25,,,,,,,0,0,,,,,,,,0,0,,1.25,1.666666667,1,1,1,1.183333333,1,4,0,,,,,2.8,3,2,3,2.67,2.75,2.7,-1.6,-1,-3,0.2,-0.333333333,-0.25,-0.997222222
525,0,3,1,52,5,2,5,30,0,0,1,480000,1,1,1,40,20,60000,1500,0,1,0,,,,,,,0,0,,,,,,,,0,0,0,2.25,3,1.333333333,1,2.5,2.016666667,1,4,1,1,1,1,0,4.4,4,5,2.8,3,3,3.7,0.4,0,0,0,1.333333333,0,0.288888889
525,0,3,1,52,5,2,5,30,0,0,1,480000,1,0,1,40,17.86,60000,1500,0.67,1,0.67,,,,,,,0,0,,,,,,,,0,0,,2.25,3,1.333333333,1,2.5,2.016666667,1,4,1,1,1,1,0,4,4,5,2.8,1.67,3,3.41,0.8,1,2,-0.2,-1.333333333,-0.25,0.336111111
526,1,3,1,65,1,2,4,50,0,0,0,0,1,1,1,10,19,9000,900,-0.25,1,-0.25,,,,,,,0,0,,,,,,,,0,0,-0.25,1,1,1,1,1,1,1,5,,,,,,3.2,3,3,3,3,3.25,3.08,0.2,0,0,0,0,0.25,0.075
526,1,3,1,65,1,2,4,50,0,0,0,0,1,0,1,15,17,18000,1200,0,1,0,,,,,,,0,0,,,,,,,,0,0,,1,1,1,1,1,1,1,5,,,,,,3,3,3,3,3,3,3,-2,-1.333333333,-1,-1.2,-1,-1,-1.255555556
527,0,3,1,56,4,1,5,15,0,0,1,480000,1,1,1,15,14.7,18000,1200,0,1,0,,,,,,,0,0,,,,,,,,0,0,0,1,1,1,1,1,1,1,4,1,1,1,1,0,5,4.33,4,4.2,4,4,4.26,0.8,0,0,0,0,0,0.133333333
527,0,3,1,56,4,1,5,15,0,0,1,480000,1,0,1,15,14,18000,1200,0,1,0,,,,,,,0,0,,,,,,,,0,0,,1,1,1,1,1,1,1,4,1,1,1,1,0,4.2,4.33,4,4.2,4,4,4.12,-0.8,0.333333333,0,0.2,0,0,-0.044444444
528,0,3,1,56,4,1,9,20,0,0,1,480000,1,1,1,15,23,18000,1200,0,1,0,,,,,,,0,0,,,,,,,,0,0,0,1,1,1,1,1,1,1,4,1,1,1,1,1,5,4,4,4,4,4,4.17,0.8,0,0,0,0,0,0.133333333
528,0,3,1,56,4,1,9,20,0,0,1,480000,1,0,1,15,20,18000,1200,0.08,1,0.08,,,,,,,0,0,,,,,,,,0,0,,1,1,1,1,1,1,1,4,1,1,1,1,1,4.2,4,4,4,4,4,4.03,1.2,1,1,1,1,1,1.033333333
529,0,3,1,61,1,2,4,20,0,1,1,180000,1,1,1,9,18,10000,1111.11,0,1,0,,,,,,,0,0,,,,,,,,0,0,0,1.5,1,1,1,1,1.1,1,5,,,,,,3,3,3,3,3,3,3,1,1,1,1,1,1,1
529,0,3,1,61,1,2,4,20,0,1,1,180000,1,0,1,9,15,10000,1111.11,0.39,1,0.39,,,,,,,0,0,,,,,,,,0,0,,1.5,1,1,1,1,1.1,1,5,,,,,,2,2,2,2,2,2,2,-2,-2,-2,-2,-2,-2,-2
530,0,3,1,48,5,2,2,5,0,0,1,480000,1,1,1,10,17,8000,800,0,1,0,,,,,,,0,0,,,,,,,,0,0,0,1,1,1,1,1,1,1,5,,,,,,4,4,4,4,4,4,4,0,0.333333333,0,0,0,0,0.055555556
530,0,3,1,48,5,2,2,5,0,0,1,480000,1,0,1,10,15,8000,800,-0.04,1,-0.04,,,,,,,0,0,,,,,,,,0,0,,1,1,1,1,1,1,1,5,,,,,,4,3.67,4,4,4,4,3.94,-0.8,-1.333333333,-1,-1,-1,-1,-1.022222222
531,0,3,0,56,5,2,3,20,0,0,1,400000,1,1,1,12,19,10000,833.33,-0.31,0.92,-0.28,4,1,3.95,500,500,0,0.076923077,0,,,,,,,,0,0,-0.282051282,1.25,1,1,1,1,1.05,1,5,,,,,,4.8,5,5,5,5,5,4.97,0,0,0,0,0,0,0
531,0,3,0,56,5,2,3,20,0,0,1,400000,1,0,1,15,16,18000,1200,0,0.94,0,4,1,3.7,500,500,,0.0625,0,,,,,,,,0,0,,1.25,1,1,1,1,1.05,1,5,,,,,,4.8,5,5,5,5,5,4.97,0.4,1,1,1,1,1,0.9
532,0,3,1,40,4,1,2,5,0,0,1,360000,1,1,1,15,15,18000,1200,0,1,0,,,,,,,0,0,,,,,,,,0,0,0,1,1,1,1,1,1,1,5,,,,,,4.4,4,4,4,4,4,4.07,0,0,0,0,0,0,0
532,0,3,1,40,4,1,2,5,0,0,1,360000,1,0,1,15,14.5,18000,1200,6.5,1,6.5,,,,,,,0,0,,,,,,,,0,0,,1,1,1,1,1,1,1,5,,,,,,4.4,4,4,4,4,4,4.07,0,-1,-1,-0.8,-1,-1,-0.8
533,0,3,0,60,4,2,4,20,0,1,1,400000,1,1,8,5,150,800,160,0,1,0,,,,,,,0,0,,,,,,,,0,0,0,1,1,1,1,1,1,1,5,,,,,,4.4,5,5,4.8,5,5,4.87,0,0.333333333,0.25,0.4,0,0.25,0.205555556
533,0,3,0,60,4,2,4,20,0,1,1,400000,1,0,8,5,80,800,160,-0.98,1,-0.98,,,,,,,0,0,,,,,,,,0,0,,1,1,1,1,1,1,1,5,,,,,,4.4,4.67,4.75,4.4,5,4.75,4.66,-0.4,-0.333333333,0,0.2,0,0.25,-0.047222222
534,0,3,0,52,4,2,6,10,0,0,1,580000,1,1,8,15,120,96000,6400,0,1,0,,,,,,,0,0,,,,,,,,0,0,0,1,1,1,1,1,1,1,3,1,1,1,1,1,4.8,5,4.75,4.2,5,4.5,4.71,0,0,0,0,0,0,0
534,0,3,0,52,4,2,6,10,0,0,1,580000,1,0,8,15,120,96000,6400,7,1,7,,,,,,,0,0,,,,,,,,0,0,,1,1,1,1,1,1,1,3,1,1,1,1,1,4.8,5,4.75,4.2,5,4.5,4.71,1.8,2,1.75,1.2,2,1.5,1.708333333
535,0,3,1,58,5,2,4,15,0,1,1,400000,1,1,1,10,14.7,8000,800,-0.2,1,-0.2,,,,,,,0,0,,,,,,,,0,0,-0.2,1,1,1,1,1,1,1,5,,,,,,3,3,3,3,3,3,3,0.6,0.666666667,0,0,0,0,0.211111111
535,0,3,1,58,5,2,4,15,0,1,1,400000,1,0,1,10,10.2,10000,1000,9,1,9,,,,,,,0,0,,,,,,,,0,0,,1,1,1,1,1,1,1,5,,,,,,2.4,2.33,3,3,3,3,2.79,-2.4,-2.333333333,-1.75,-1.2,-1.666666667,-1.75,-1.85
537,1,2,1,53,4,2,4,30,0,1,0,0,1,1,7,2,20,200,100,0,1,0,,,,,,,0,0,,,,,,,,0,0,0,2,2,2,2,2,2,2,5,,,,,,4.8,4.67,4.75,4.2,4.67,4.75,4.64,0,0,0,0,0,0,0
537,1,2,1,53,4,2,4,30,0,1,0,0,1,0,7,2,15,200,100,-1,1,-1,,,,,,,0,0,,,,,,,,0,0,,2,2,2,2,2,2,2,5,,,,,,4.8,4.67,4.75,4.2,4.67,4.75,4.64,0.6,0.666666667,0.5,0.2,0.666666667,-0.25,0.397222222
538,1,2,0,55,5,2,4,30,0,0,1,680000,1,1,8,1,159,30000,30000,0.15,1,0.15,,,,,,,0,0,,,,,,,,0,0,0.153846154,1.75,1,1,1,1,1.15,1,5,,,,,,4.2,4,4.25,4,4,5,4.24,0,0,0,0,0,0,0
538,1,2,0,55,5,2,4,30,0,0,1,680000,1,0,8,1,159,26000,26000,19.8,1,19.8,,,,,,,0,0,,,,,,,,0,0,,1.75,1,1,1,1,1.15,1,5,,,,,,4.2,4,4.25,4,4,5,4.24,0.2,-0.333333333,0,-1,-1,0.75,-0.230555556
539,1,2,1,60,1,1,3,30,0,0,1,360000,1,1,9,2,46,2500,1250,0,1,0,,,,,,,0,0,,,,,,,,0,0,0,1,1,1,1,1,1,1,5,,,,,,4,4.33,4.25,5,5,4.25,4.47,0,0.333333333,0.75,0,0,0,0.180555556
539,1,2,1,60,1,1,3,30,0,0,1,360000,1,0,9,2,36.8,2500,1250,5.25,1,5.25,,,,,,,0,0,,,,,,,,0,0,,1,1,1,1,1,1,1,5,,,,,,4,4,3.5,5,5,4.25,4.29,-0.2,-0.333333333,-1,0.6,2.666666667,1.25,0.497222222
3539,1,2,1,56,3,2,5,20,0,1,1,480000,1,1,7,15,6,3000,200,0.2,1,0.2,,,,,,,0,0,,,,,,,,0,0,0.2,1.75,1,1.666666667,2,2,1.683333333,2,5,,,,,,4.2,4.33,4.5,4.4,2.33,3,3.79,0.2,1,1,1,0.333333333,0,0.588888889
3539,1,2,1,56,3,2,5,20,0,1,1,480000,1,0,7,30,6,5000,166.67,-0.92,1,-0.92,,,,,,,0,0,,,,,,,,0,0,,1.75,1,1.666666667,2,2,1.683333333,2,5,,,,,,4,3.33,3.5,3.4,2,3,3.21,0,0.333333333,0,0.4,-1.666666667,-1,-0.322222222
540,1,2,1,65,5,2,4,30,0,0,1,800000,1,1,7,1,46,2000,2000,0,1,0,,,,,,,0,0,,,,,,,,0,0,0,1,1,1,1,5,1.8,4,5,,,,,,4,3,3.5,3,3.67,4,3.53,0,0,0,0,0,0,0
540,1,2,1,65,5,2,4,30,0,0,1,800000,1,0,7,1,46,2000,2000,0.33,1,0.33,,,,,,,0,0,,,,,,,,0,0,,1,1,1,1,5,1.8,4,5,,,,,,4,3,3.5,3,3.67,4,3.53,-0.4,-1.666666667,-1.25,-2,-1,-1,-1.219444444
541,1,2,1,50,4,2,2,20,1,0,1,360000,1,1,8,10,200,15000,1500,0,1,0,,,,,,,0,0,,,,,,,,0,0,0,1,1,1,1,1,1,1,5,,,,,,4.4,4.67,4.75,5,4.67,5,4.75,1,1,1,1,1,1,1
541,1,2,1,50,4,2,2,20,1,0,1,360000,1,0,8,10,300,15000,1500,0.13,1,0.13,,,,,,,0,0,,,,,,,,0,0,,1,1,1,1,1,1,1,5,,,,,,3.4,3.67,3.75,4,3.67,4,3.75,-1.2,-0.666666667,-1.25,-0.6,-1,1,-0.619444444
542,1,2,1,50,6,2,4,30,1,1,1,480000,1,1,8,15,200,20000,1333.33,0.11,1,0.11,,,,,,,0,0,,,,,,,,0,0,0.111111111,2.5,2,2,2,2,2.1,2,5,,,,,,4.6,4.33,5,4.6,4.67,3,4.37,0,0,0,0,0,0,0
542,1,2,1,50,6,2,4,30,1,1,1,480000,1,0,8,15,300,18000,1200,-0.2,1,-0.2,,,,,,,0,0,,,,,,,,0,0,,2.5,2,2,2,2,2.1,2,5,,,,,,4.6,4.33,5,4.6,4.67,3,4.37,1.8,2.333333333,3.75,2.6,2.333333333,1,2.302777778
544,0,2,0,55,3,3,5,10,0,1,1,35000,1,1,1,10,17,15015,1501.5,0,1,0,,,,,,,0,0,,,,,,,,0,0,0,1.75,2,1,1,4.5,2.05,1,5,,,,,,2.8,2,1.25,2,2.33,2,2.06,0,0,0,0,0,0,0
544,0,2,0,55,3,3,5,10,0,1,1,35000,1,0,1,10,13.5,15015,1501.5,0.4,1,0.4,,,,,,,0,0,,,,,,,,0,0,,1.75,2,1,1,4.5,2.05,1,5,,,,,,2.8,2,1.25,2,2.33,2,2.06,-0.2,-1.333333333,-2.25,-2,-1.666666667,-2,-1.575
545,0,2,0,49,3,1,5,10,0,1,1,35000,1,1,4,12,3.1,12903,1075.25,0.08,1,0.08,,,,,,,0,0,,,,,,,,0,0,0.07525,2.25,3.333333333,1.666666667,1,4.5,2.55,1,5,,,,,,3,3.33,3.5,4,4,4,3.64,0,0,0,0.2,0,0,0.033333333
545,0,2,0,49,3,1,5,10,0,1,1,35000,1,0,8,12,3.1,12000,1000,-0.97,1,-0.97,,,,,,,0,0,,,,,,,,0,0,,2.25,3.333333333,1.666666667,1,4.5,2.55,1,5,,,,,,3,3.33,3.5,3.8,4,4,3.61,-2,-1.666666667,-1.5,-1.2,-1,-1,-1.394444444
546,1,2,1,51,5,2,4,20,0,0,1,800000,1,1,8,5,180,180000,36000,0,1,0,,,,,,,0,0,,,,,,,,0,0,0,1,1,1,1,1,1,1,1,1,1,1,1,1,5,5,5,5,5,5,5,0.4,0.333333333,0,0.2,0.666666667,0.25,0.308333333
546,1,2,1,51,5,2,4,20,0,0,1,800000,1,0,8,5,180,180000,36000,299,1,299,,,,,,,0,0,,,,,,,,0,0,,1,1,1,1,1,1,1,1,1,1,1,1,1,4.6,4.67,5,4.8,4.33,4.75,4.69,1.4,1.333333333,0.75,0.8,0.333333333,1.25,0.977777778
547,1,2,1,65,5,2,4,40,0,1,1,1080000,1,1,2,10,25,1200,120,-0.54,0.38,-0.21,7,6,25,2500,416.6666667,0,0.230769231,0,7,1,10,1000,10,100,0,0.384615385,0,-0.207100592,3.25,2.666666667,2.333333333,2,3,,4,5,,,,,,3.2,3.33,4.25,4,4,3.5,3.71,0,-0.166666667,0.25,0,0,1,0.180555556
547,1,2,1,65,5,2,4,40,0,1,1,1080000,1,0,2,10,25,2600,260,-0.61,0.38,-0.23,7,6,25,2500,416.6666667,,0.230769231,0,7,1,10,1000,10,100,,0.384615385,0,,3.25,2.666666667,2.333333333,2,3,2.65,4,5,,,,,,3.2,3.5,4,4,4,2.5,3.53,-0.8,-0.5,-0.75,0,-1,-2.5,-0.925
548,1,2,0,43,5,2,5,7,0,1,1,480000,1,1,8,0.18,90,120,666.67,0,1,0,,,,,,,0,0,,,,,,,,0,0,0,1.5,2,1.666666667,1,1.5,1.533333333,4,1,1,1,1,1,1,4,4,4.75,4,5,5,4.46,0.4,1,1.75,1,2,2,1.358333333
548,1,2,0,43,5,2,5,7,0,1,1,480000,1,0,8,0.18,90,120,666.67,1,1,1,,,,,,,0,0,,,,,,,,0,0,,1.5,2,1.666666667,1,1.5,1.533333333,4,1,1,1,1,1,1,3.6,3,3,3,3,3,3.1,-1.4,-2,-2,-2,-2,-2,-1.9
549,1,2,1,61,1,2,5,6,0,0,1,200000,1,1,7,3,40,1000,333.33,0,1,0,,,,,,,0,0,,,,,,,,0,0,0,1,1,1,1,1,1,1,2,1,1,1,1,1,5,5,5,5,5,5,5,0,0,0,0,0,0,0
549,1,2,1,61,1,2,5,6,0,0,1,200000,1,0,7,3,50,1000,333.33,-0.43,1,-0.43,,,,,,,0,0,,,,,,,,0,0,,1,1,1,1,1,1,1,2,1,1,1,1,1,5,5,5,5,5,5,5,2,2,2.5,2,2.333333333,2,2.138888889
550,1,2,0,48,3,2,5,20,0,1,1,180000,1,1,1,17,9,10000,588.24,0,0.67,0,9,8,140,2000,250,0,0.316831683,0,8,12,0.25,1200,10,4800,,0.00990099,0,0,3,3.333333333,3,2.5,4.5,,2,1,1,0,1,0,0,3,3,2.5,3,2.67,3,2.86,0.6,0,0,0,0,0,0.1
550,1,2,0,48,3,2,5,20,0,1,1,180000,1,0,1,17,9,10000,588.24,-0.72,0.68,-0.49,9,8,140,2000,250,,0.32,0,0,0,0,0,0,0,,0,0,,3,3.333333333,3,2.5,4.5,3.266666667,2,1,1,0,1,0,0,2.4,3,2.5,3,2.67,3,2.76,-2.4,-1.333333333,-1.5,-1.8,-1.666666667,-0.5,-1.533333333
551,1,2,1,56,3,2,4,20,1,1,1,10000,1,1,1,3,9,6400,2133.33,0,1,0,,,,,,,0,0,,,,,,,,0,0,0,1.75,1.666666667,1.333333333,1.5,5,2.25,1,1,1,1,1,1,1,4.8,4.33,4,4.8,4.33,3.5,4.29,0,0,-0.75,0.8,0,0,0.008333333
551,1,2,1,56,3,2,4,20,1,1,1,10000,1,0,1,3,9,6400,2133.33,3.27,1,3.27,,,,,,,0,0,,,,,,,,0,0,,1.75,1.666666667,1.333333333,1.5,5,2.25,1,1,1,1,1,1,1,4.8,4.33,4.75,4,4.33,3.5,4.29,0.2,0.333333333,0.5,-0.2,0.333333333,-1.25,-0.013888889
553,1,2,1,47,5,2,3,18,0,1,1,200000,1,1,1,16,10,8000,500,0.07,0.84,0.06,8,3,20,15000,5000,-0.285714286,0.157894737,-0.045112782,,,,,,,,0,0,0.005513784,3.75,5,4.666666667,2.5,5,4.183333333,3,3,1,1,1,1,1,4.6,4,4.25,4.2,4,4.75,4.3,0,0,0,0,0,0,0
553,1,2,1,47,5,2,3,18,0,1,1,200000,1,0,1,16,12,7500,468.75,-0.97,0.84,-0.82,8,3,5,21000,7000,,0.157894737,0,,,,,,,,0,0,,3.75,5,4.666666667,2.5,5,4.183333333,3,3,1,1,1,1,1,4.6,4,4.25,4.2,4,4.75,4.3,0.6,0,-0.5,0.2,0,0.75,0.175
554,1,2,0,43,4,3,4,5,1,1,1,30000,1,1,8,0.5,150,8000,16000,0,1,0,,,,,,,0,0,,,,,,,,0,0,0,4.25,3.666666667,3,3,3.5,3.483333333,4,1,1,1,1,1,1,4,4,4.75,4,4,4,4.13,0.4,1,1.75,1,1,1,1.025
554,1,2,0,43,4,3,4,5,1,1,1,30000,1,0,8,0.5,150,8000,16000,19,1,19,,,,,,,0,0,,,,,,,,0,0,,4.25,3.666666667,3,3,3.5,3.483333333,4,1,1,1,1,1,1,3.6,3,3,3,3,3,3.1,-1.4,-2,-2,-2,-2,-2,-1.9
555,1,2,1,66,5,2,3,10,0,1,1,500000,1,1,1,10,10,8000,800,10.43,0.5,5.21,1,10,100,800,80,0,0.5,0,,,,,,,,0,0,5.214285714,2.5,2,1,2.5,3,2.2,3,1,1,1,1,1,1,5,5,5,5,5,5,5,1,0.333333333,1.5,1.6,1,1.25,1.113888889
555,1,2,1,66,5,2,3,10,0,1,1,500000,1,0,1,10,9,700,70,-1,0.5,-0.5,1,10,100,800,80,,0.5,0,,,,,,,,0,0,,2.5,2,1,2.5,3,2.2,3,1,1,1,1,1,1,4,4.67,3.5,3.4,4,3.75,3.89,-0.4,0.666666667,-0.5,-0.4,0,-0.75,-0.230555556
557,1,2,1,45,5,2,3,10,1,1,1,480000,1,1,5,5,10.55,71400,14280,2.11,1,2.11,,,,,,,0,0,,,,,,,,0,0,2.111111111,1.75,1.666666667,1.333333333,1.5,5,2.25,1,1,1,1,1,1,1,4.4,4,4,3.8,4,4.5,4.12,0,0,0,0,0,0,0
557,1,2,1,45,5,2,3,10,1,1,1,480000,1,0,5,5,10.1,22950,4590,3.59,1,3.59,,,,,,,0,0,,,,,,,,0,0,,1.75,1.666666667,1.333333333,1.5,5,2.25,1,1,1,1,1,1,1,4.4,4,4,3.8,4,4.5,4.12,-0.6,-1,-1,-0.8,-1,-0.5,-0.816666667
558,1,2,0,56,1,2,3,6,0,0,0,0,1,1,7,3,40,3000,1000,-0.13,1,-0.13,,,,,,,0,0,,,,,,,,0,0,-0.130434783,1.25,1,1,1,1,1.05,1,1,1,1,1,1,1,5,5,5,4.6,5,5,4.93,0.2,0,0.25,0.2,0,0,0.108333333
558,1,2,0,56,1,2,3,6,0,0,0,0,1,0,7,2,40,2300,1150,-0.57,1,-0.57,,,,,,,0,0,,,,,,,,0,0,,1.25,1,1,1,1,1.05,1,1,1,1,1,1,1,4.8,5,4.75,4.4,5,5,4.83,-0.2,0,-0.25,-0.6,0,0,-0.175
559,1,2,1,68,1,2,3,6,0,0,0,0,1,1,7,3,40,8000,2666.67,-0.16,1,-0.16,,,,,,,0,0,,,,,,,,0,0,-0.157894737,1.25,1,1,1,1,1.05,1,1,1,1,1,1,1,5,5,5,5,5,5,5,0.2,0,0.25,0.6,0,0,0.175
559,1,2,1,68,1,2,3,6,0,0,0,0,1,0,7,3,20,9500,3166.67,4.38,1,4.38,,,,,,,0,0,,,,,,,,0,0,,1.25,1,1,1,1,1.05,1,1,1,1,1,1,1,4.8,5,4.75,4.4,5,5,4.83,1.8,2,2,0.4,2.333333333,2,1.755555556
560,1,2,1,60,1,2,3,20,0,1,0,0,1,1,1,17,9,10000,588.24,-0.02,1,-0.02,,,,,,,0,0,,,,,,,,0,0,-0.019607843,3,3.333333333,3,3.5,3.5,3.266666667,2,1,1,0,1,0,0,3,3,2.75,4,2.67,3,3.07,0.6,0,0.25,1,0,0,0.308333333
560,1,2,1,60,1,2,3,20,0,1,0,0,1,0,1,16,9,9600,600,-0.16,1,-0.16,,,,,,,0,0,,,,,,,,0,0,,3,3.333333333,3,3.5,3.5,3.266666667,2,1,1,0,1,0,0,2.4,3,2.5,3,2.67,3,2.76,-2,-1.333333333,-2.5,-1.2,-2.333333333,-2,-1.894444444
561,1,2,1,58,1,2,3,20,0,1,0,0,1,1,1,14,18,10000,714.29,0,0.82,0,7,3,55,1000,333.3333333,0,0.176470588,0,,,,,,,,0,0,0,2,1,1,1,1,1.2,1,1,1,1,1,1,1,4.4,4.33,5,4.2,5,5,4.66,0,0,0,0,0,0,0
561,1,2,1,58,1,2,3,20,0,1,0,0,1,0,1,14,18,10000,714.29,-0.82,0.82,-0.68,7,3,55,1000,333.3333333,,0.176470588,0,,,,,,,,0,0,,2,1,1,1,1,1.2,1,1,1,1,1,1,1,4.4,4.33,5,4.2,5,5,4.66,0.2,0.333333333,0.25,-0.8,0,0,-0.002777778
562,1,2,1,56,1,2,10,20,0,0,1,200000,1,1,8,3,20,12000,4000,0,0.5,0,8,3,40,1000,333.3333333,0,0.5,0,,,,,,,,0,0,0,1,1,1,1,1,1,1,1,1,1,1,1,1,4.2,4,4.75,5,5,5,4.66,0,0,0,0,0,0,0
562,1,2,1,56,1,2,10,20,0,0,1,200000,1,0,8,3,20,12000,4000,0.09,0.5,0.05,8,3,40,1000,333.3333333,,0.5,0,,,,,,,,0,0,,1,1,1,1,1,1,1,1,1,1,1,1,1,4.2,4,4.75,5,5,5,4.66,0.8,0.666666667,0.75,1,1.666666667,1.75,1.105555556
563,1,2,0,53,1,4,3,40,0,1,1,11200,1,1,5,30,6.8,110000,3666.67,0.86,0.91,0.78,7,3,30000,300,100,1,0.090909091,0.090909091,,,,,,,,0,0,0.434790947,1.5,4.333333333,2,4,5,3.366666667,3,5,,,,,,3.4,3.33,4,4,3.33,3.25,3.55,0,0,0.5,0.2,0,1,0.283333333
563,1,2,0,53,1,4,3,40,0,1,1,11200,1,0,5,20,6.7,39000,1975,6.9,0.91,6.27,7,2,5000,100,50,,0.090909091,0,,,,,,,,0,0,,1.5,4.333333333,2,4,5,3.366666667,3,5,,,,,,3.4,3.33,3.5,3.8,3.33,2.25,3.27,-0.6,-0.666666667,-0.75,-0.2,0,-1.75,-0.661111111
564,1,2,0,50,5,2,4,10,0,1,1,480000,1,1,8,2,3500,500,250,-0.5,0.5,-0.25,7,2,4000,1500,750,0,0.5,0,,,,,,,,0,0,-0.25,1.5,4.333333333,2,4,5,3.366666667,3,5,,,,,,4,4,4.25,4,3.33,4,3.93,0.6,0.666666667,0.5,0.4,0,0,0.361111111
564,1,2,0,50,5,2,4,10,0,1,1,480000,1,0,7,2,4000,1000,500,4,0.5,2,7,2,2000,1500,750,,0.5,0,,,,,,,,0,0,,1.5,4.333333333,2,4,5,3.366666667,3,5,,,,,,3.4,3.33,3.75,3.6,3.33,4,3.57,0,0,-0.25,-0.4,0,0.75,0.016666667
565,1,2,1,53,1,1,2,40,1,1,0,0,1,1,7,3,30000,300,100,0,1,0,,,,,,,0,0,,,,,,,,0,0,0,1.5,4.333333333,2,4,5,3.366666667,3,5,,,,,,3.4,3.33,4,4,3.33,3.25,3.55,0,0,0.5,0.2,0,1,0.283333333
565,1,2,1,53,1,1,2,40,1,1,0,0,1,0,7,3,30000,300,100,-0.94,1,-0.94,,,,,,,0,0,,,,,,,,0,0,,1.5,4.333333333,2,4,5,3.366666667,3,5,,,,,,3.4,3.33,3.5,3.8,3.33,2.25,3.27,-1.6,-1.666666667,-1.5,-1.2,-1.666666667,-2.75,-1.730555556
3566,1,2,1,54,5,2,4,10,0,1,1,480000,1,1,1,9,17,15015,1668.33,0,1,0,,,,,,,0,0,,,,,,,,0,0,0,1,1.666666667,1.333333333,1,4,1.8,1,1,1,1,1,1,0,5,5,5,5,5,5,5,0,0,0,0,0,0,0
3566,1,2,1,54,5,2,4,10,0,1,1,480000,1,0,1,9,16,15015,1668.33,5.67,1,5.67,,,,,,,0,0,,,,,,,,0,0,,1,1.666666667,1.333333333,1,4,1.8,1,1,1,1,1,1,0,5,5,5,5,5,5,5,1.6,1.666666667,2,1.6,1.333333333,2.75,1.825
566,1,2,1,65,5,2,4,20,0,1,0,0,1,1,9,8,140,2000,250,0,1,0,,,,,,,0,0,,,,,,,,0,0,0,1.75,2,1,3.5,5,2.65,2,5,,,,,,3.4,3.33,3,3.4,3.67,2.25,3.18,0,0,0,0,0,0,0
566,1,2,1,65,5,2,4,20,0,1,0,0,1,0,9,8,140,2000,250,1,1,1,,,,,,,0,0,,,,,,,,0,0,,1.75,2,1,3.5,5,2.65,2,5,,,,,,3.4,3.33,3,3.4,3.67,2.25,3.18,-1.6,-0.666666667,0.75,0.4,-0.333333333,0.25,-0.2
567,1,6,1,39,5,1,4,8,0,0,1,240000,0,1,2,8,4.5,1000,125,0,0.73,0,7,3,7,250,83.33333333,0,0.272727273,0,,,,,,,,0,0,0,3.25,3,3.666666667,3,4.5,3.483333333,3,1,1,1,1,1,0,5,4,2.25,3,4,2,3.38,0,0,0.25,0,1.666666667,0,0.319444444
567,1,6,1,39,5,1,4,8,0,0,1,240000,0,0,2,8,4.5,1000,125,-0.67,0.73,-0.48,7,3,7,250,83.33333333,,0.272727273,0,,,,,,,,0,0,,3.25,3,3.666666667,3,4.5,3.483333333,3,1,1,1,1,1,0,5,4,2,3,2.33,2,3.06,1,0,-1.75,-1,-2.666666667,-2,-1.069444444
568,1,6,1,46,5,1,1,8,0,0,1,240000,1,1,7,8,10,3000,375,-0.4,1,-0.4,,,,,,,0,0,,,,,,,,0,0,-0.4,3,3,3,4.5,5,3.7,4,2,1,1,1,1,1,4,4,3.75,4,5,4,4.13,1,1,1.25,0,1,0,0.708333333
568,1,6,1,46,5,1,1,8,0,0,1,240000,1,0,7,8,6,5000,625,-0.41,1,-0.41,,,,,,,0,0,,,,,,,,0,0,,3,3,3,4.5,5,3.7,4,2,1,1,1,1,1,3,3,2.5,4,4,4,3.42,-1.8,-0.333333333,-0.25,1,-0.333333333,-0.5,-0.369444444
569,1,6,1,31,5,1,1,10,1,1,0,0,1,1,1,15,30,16000,1066.67,0,1,0,,,,,,,0,0,,,,,,,,0,0,0,2.25,3,3.333333333,3,4.5,3.216666667,4,1,1,1,1,1,1,4.8,3.33,2.75,3,4.33,4.5,3.79,0.6,0.333333333,0.5,0,0.333333333,0.25,0.336111111
569,1,6,1,31,5,1,1,10,1,1,0,0,1,0,1,15,30,16000,1066.67,2.2,1,2.2,,,,,,,0,0,,,,,,,,0,0,,2.25,3,3.333333333,3,4.5,3.216666667,4,1,1,1,1,1,1,4.2,3,2.25,3,4,4.25,3.45,2,1,0.25,1,2,2.25,1.416666667
570,1,6,0,56,5,2,10,20,1,1,1,55000,0,1,1,3,7,1000,333.33,0,1,0,,,,,,,0,0,,,,,,,,0,0,0,3.5,5,4,5,5,4.5,2,1,0,,,,,2.2,2,2,2,2,2,2.03,0.2,0,0.25,0,0,0,0.075
570,1,6,0,56,5,2,10,20,1,1,1,55000,0,0,1,3,7,1000,333.33,-0.58,1,-0.58,,,,,,,0,0,,,,,,,,0,0,,3.5,5,4,5,5,4.5,2,1,0,,,,,2,2,1.75,2,2,2,1.96,-2.2,-2.333333333,-1.75,-2.2,-2,-2,-2.080555556
571,1,6,0,45,3,2,5,14,1,1,1,400000,1,1,2,25,45,20000,800,-0.33,1,-0.33,,,,,,,0,0,,,,,,,,0,0,-0.333333333,3,3.666666667,3.666666667,3,5,3.666666667,3,1,1,1,1,1,1,4.2,4.33,3.5,4.2,4,4,4.04,0.2,0.333333333,0.25,1,0,1,0.463888889
571,1,6,0,45,3,2,5,14,1,1,1,400000,1,0,2,25,60,30000,1200,0.5,1,0.5,,,,,,,0,0,,,,,,,,0,0,,3,3.666666667,3.666666667,3,5,3.666666667,3,1,1,1,1,1,1,4,4,3.25,3.2,4,3,3.58,0,-0.333333333,-0.5,-0.4,0,-2,-0.538888889
3573,1,2,1,60,1,2,5,30,0,0,1,360000,1,1,2,15,55,12000,800,0,1,0,,,,,,,0,0,,,,,,,,0,0,0,1.75,2.333333333,3,2,1,2.016666667,1,5,,,,,,4,4.33,3.75,3.6,4,5,4.11,0,0.333333333,0.75,0,0,0,0.180555556
3573,1,2,1,60,1,2,5,30,0,0,1,360000,1,0,2,15,60,12000,800,-0.2,1,-0.2,,,,,,,0,0,,,,,,,,0,0,,1.75,2.333333333,3,2,1,2.016666667,1,5,,,,,,4,4,3,3.6,4,5,3.93,0,0,0,0.6,1,2.75,0.725
3572,1,6,0,34,3,2,5,18,1,0,0,0,0,1,2,20,40,20000,1000,0,1,0,,,,,,,0,0,,,,,,,,0,0,0,1,3.333333333,3,3,5,3.066666667,3,1,1,1,1,1,1,4,4,3,3,3,2.25,3.21,0,0,0.25,0,0,0.25,0.083333333
3572,1,6,0,34,3,2,5,18,1,0,0,0,0,0,2,20,40,20000,1000,27.57,1,27.57,,,,,,,0,0,,,,,,,,0,0,,1,3.333333333,3,3,5,3.066666667,3,1,1,1,1,1,1,4,4,2.75,3,3,2,3.13,1.2,1.333333333,0,0.8,0.333333333,-0.75,0.486111111
572,1,2,1,60,4,2,4,30,0,1,0,0,1,1,7,10,20,350,35,0,1,0,,,,,,,0,0,,,,,,,,0,0,0,1.5,3.333333333,2,2,4.5,2.666666667,4,5,,,,,,2.8,2.67,2.75,2.2,2.67,2.75,2.64,0,0,0,0,0,0,0
572,1,2,1,60,4,2,4,30,0,1,0,0,1,0,7,10,25,350,35,-1,1,-1,,,,,,,0,0,,,,,,,,0,0,,1.5,3.333333333,2,2,4.5,2.666666667,4,5,,,,,,2.8,2.67,2.75,2.2,2.67,2.75,2.64,-1.4,-1.333333333,-1.5,-1.8,-1.333333333,-2.25,-1.602777778
573,1,2,1,55,4,2,4,30,0,0,1,480000,1,1,8,1,2,30000,30000,0.15,1,0.15,,,,,,,0,0,,,,,,,,0,0,0.153846154,1.75,1,1,1,1,1.15,1,5,,,,,,4.2,4,4.25,4,4,5,4.24,0,0,0,0,0,0,0
573,1,2,1,55,4,2,4,30,0,0,1,480000,1,0,8,1,2,26000,26000,259,1,259,,,,,,,0,0,,,,,,,,0,0,,1.75,1,1,1,1,1.15,1,5,,,,,,4.2,4,4.25,4,4,5,4.24,0,-0.333333333,-0.25,-0.4,1.666666667,2,0.447222222
574,1,2,0,56,1,2,5,20,0,1,1,480000,1,1,7,30,6,3000,100,-0.4,1,-0.4,,,,,,,0,0,,,,,,,,0,0,-0.4,3.75,3,2.666666667,3,3,3.083333333,3,5,,,,,,4.2,4.33,4.5,4.4,2.33,3,3.79,0.2,1,1,1,0.333333333,0,0.588888889
574,1,2,0,56,1,2,5,20,0,1,1,480000,1,0,7,30,6,5000,166.67,-0.42,1,-0.42,,,,,,,0,0,,,,,,,,0,0,,3.75,3,2.666666667,3,3,3.083333333,3,5,,,,,,4,3.33,3.5,3.4,2,3,3.21,0,0.333333333,0,0.4,-1.666666667,-1,-0.322222222
575,1,2,1,65,4,2,4,30,0,0,0,0,1,1,1,7,9,2000,285.71,0.1,1,0.1,,,,,,,0,0,,,,,,,,0,0,0.098901099,1,1,1,1,5,1.8,4,5,,,,,,4,3,3.5,3,3.67,4,3.53,0,0,0,0,0,0,0
575,1,2,1,65,4,2,4,30,0,0,0,0,1,0,1,5,9,1300,260,-0.78,1,-0.78,,,,,,,0,0,,,,,,,,0,0,,1,1,1,1,5,1.8,4,5,,,,,,4,3,3.5,3,3.67,4,3.53,0.6,-0.666666667,-0.25,-1,0,0,-0.219444444
576,1,2,1,50,4,3,2,20,1,0,1,360000,1,1,1,15,10,18000,1200,0,1,0,,,,,,,0,0,,,,,,,,0,0,0,1,1,1,1,1,1,1,5,,,,,,3.4,3.67,3.75,4,3.67,4,3.75,0,0,0,0,0,0,0
576,1,2,1,50,4,3,2,20,1,0,1,360000,1,0,1,15,10,18000,1200,5.18,1,5.18,,,,,,,0,0,,,,,,,,0,0,,1,1,1,1,1,1,1,5,,,,,,3.4,3.67,3.75,4,3.67,4,3.75,-1.2,-0.666666667,-1.25,-0.6,-1,1,-0.619444444
577,1,2,1,50,4,2,4,30,1,1,0,0,1,1,7,70,50,13600,194.29,0.24,1,0.24,,,,,,,0,0,,,,,,,,0,0,0.236363636,2.5,2,2,2,2,2.1,2,5,,,,,,4.6,4.33,5,4.6,4.67,3,4.37,0,0,0,0,0,0,0
577,1,2,1,50,4,2,4,30,1,1,0,0,1,0,7,70,50,11000,157.14,-0.93,1,-0.93,,,,,,,0,0,,,,,,,,0,0,,2.5,2,2,2,2,2.1,2,5,,,,,,4.6,4.33,5,4.6,4.67,3,4.37,1,0.333333333,1.25,1.2,1,-1,0.630555556
578,1,2,1,54,1,2,4,20,0,0,1,480000,1,1,8,73,6.5,167400,2293.15,0.16,1,0.16,,,,,,,0,0,,,,,,,,0,0,0.1625,1.5,1,1,1,1,1.1,3,5,,,,,,3.6,4,3.75,3.4,3.67,4,3.74,0,0,0,0,0,0,0
578,1,2,1,54,1,2,4,20,0,0,1,480000,1,0,8,73,6.5,144000,1972.6,-0.01,1,-0.01,,,,,,,0,0,,,,,,,,0,0,,1.5,1,1,1,1,1.1,3,5,,,,,,3.6,4,3.75,3.4,3.67,4,3.74,-0.6,-1,-0.75,-1.2,-0.666666667,-0.25,-0.744444444
702,1,1,0,54,1,2,4,40,1,1,1,84000,1,1,1,100,11,200000,2000,0,1,0,,,,,,,0,0,,,,,,,,0,0,0,1.75,1,1.333333333,2,3,1.816666667,3,1,1,1,1,1,1,4.2,5,4.5,4.6,4.33,4.25,4.48,0,0.333333333,0.25,0,0.333333333,0,0.152777778
702,1,1,0,54,1,2,4,40,1,1,1,84000,1,0,1,100,10.5,200000,2000,0,1,0,,,,,,,0,0,,,,,,,,0,0,,1.75,1,1.333333333,2,3,1.816666667,3,1,1,1,1,1,1,4.2,4.67,4.25,4.6,4,4.25,4.33,1,0.666666667,0.75,2.6,1,2.25,1.377777778
704,0,1,1,53,1,1,3,40,1,1,0,0,1,1,1,30,10.5,60000,2000,0,1,0,,,,,,,0,0,,,,,,,,0,0,0,1.5,1.666666667,2.333333333,4,3,2.5,3,5,,,,,,3.2,4,3.5,2,3,2,2.95,0,0.333333333,0,0,0.333333333,0,0.111111111
704,0,1,1,53,1,1,3,40,1,1,0,0,1,0,1,30,8,60000,2000,0,1,0,,,,,,,0,0,,,,,,,,0,0,,1.5,1.666666667,2.333333333,4,3,2.5,3,5,,,,,,3.2,3.67,3.5,2,2.67,2,2.84,-0.4,-0.666666667,-0.25,-1.4,-0.333333333,-0.25,-0.55
705,0,1,0,50,1,2,8,20,0,1,1,150000,1,1,1,18,10.5,36000,2000,0,1,0,,,,,,,0,0,,,,,,,,0,0,0,1.75,1.666666667,2,3,2.5,2.183333333,3,2,0,,,,,3.6,4.33,3.75,3.4,3,2.25,3.39,0,0.666666667,0.25,0,0.333333333,0,0.208333333
705,0,1,0,50,1,2,8,20,0,1,1,150000,1,0,1,18,7.5,36000,2000,-0.2,1,-0.2,,,,,,,0,0,,,,,,,,0,0,,1.75,1.666666667,2,3,2.5,2.183333333,3,2,0,,,,,3.6,3.67,3.5,3.4,2.67,2.25,3.18,-0.8,-0.333333333,0,-0.8,-0.666666667,-1.25,-0.641666667
706,0,5,0,23,5,1,4,3,0,0,1,100000,0,1,7,40,70,100000,2500,0,1,0,,,,,,,0,0,,,,,,,,0,0,0,2,1.666666667,1.333333333,1,3,1.8,4,5,,,,,,4.4,4,3.5,4.2,3.33,3.5,3.82,0,0,0,0,0,0,0
706,0,5,0,23,5,1,4,3,0,0,1,100000,0,0,7,40,70,100000,2500,4,1,4,,,,,,,0,0,,,,,,,,0,0,,2,1.666666667,1.333333333,1,3,1.8,4,5,,,,,,4.4,4,3.5,4.2,3.33,3.5,3.82,0.6,0.666666667,0.75,0,-0.333333333,0.25,0.322222222
707,1,5,0,48,4,2,3,25,0,0,1,100000,1,1,7,4,30,2000,500,-0.33,0.8,-0.27,7,1,20,2000,2000,1,0.2,0.2,,,,,,,,0,0,-0.033333333,3,3,1.333333333,2,2,2.266666667,5,5,,,,,,3.8,3.33,2.75,4.2,3.67,3.25,3.5,0,0.333333333,0,0,0,0,0.055555556
707,1,5,0,48,4,2,3,25,0,0,1,100000,1,0,7,4,25,3000,750,0.8,0.8,0.64,7,1,15,1000,1000,,0.2,0,,,,,,,,0,0,,3,3,1.333333333,2,2,2.266666667,5,5,,,,,,3.8,3,2.75,4.2,3.67,3.25,3.44,-0.2,-0.333333333,0,0.8,0,0.25,0.086111111
708,1,5,0,53,3,2,2,30,0,0,1,150000,1,1,7,6,30,2500,416.67,0.25,1,0.25,,,,,,,0,0,,,,,,,,0,0,0.25,3,2.666666667,1.666666667,1.5,3,2.366666667,4,1,0,,,,,4,3.33,2.75,3.4,3.67,3,3.36,0,0.333333333,0,0,0.666666667,0,0.166666667
708,1,5,0,53,3,2,2,30,0,0,1,150000,1,0,7,6,25,2000,333.33,-0.42,1,-0.42,,,,,,,0,0,,,,,,,,0,0,,3,2.666666667,1.666666667,1.5,3,2.366666667,4,1,0,,,,,4,3,2.75,3.4,3,3,3.19,-0.4,-1.666666667,0.75,0.6,0.333333333,0.5,0.019444444
709,0,5,1,55,3,2,2,30,0,0,1,250000,0,1,2,7,20,4000,571.43,0,1,0,,,,,,,0,0,,,,,,,,0,0,0,1,1.333333333,1.333333333,2,2,1.533333333,3,5,,,,,,4.4,4.67,2,2.8,2.67,2.5,3.17,0,0,0,0,0,0,0
709,0,5,1,55,3,2,2,30,0,0,1,250000,0,0,2,7,20,4000,571.43,-0.05,1,-0.05,,,,,,,0,0,,,,,,,,0,0,,1,1.333333333,1.333333333,2,2,1.533333333,3,5,,,,,,4.4,4.67,2,2.8,2.67,2.5,3.17,1,1.333333333,0,-0.6,-0.333333333,-0.25,0.191666667
710,1,5,0,56,1,2,3,30,0,0,1,140000,0,1,7,3,30,1800,600,-0.1,0.5,-0.05,7,3,25,3000,1000,0,0.5,0,,,,,,,,0,0,-0.05,2.75,2,2.333333333,2.5,2,2.316666667,4,1,0,,,,,3.4,3.33,2,3.4,3,2.75,2.98,0,0,0.25,0,0,0,0.041666667
710,1,5,0,56,1,2,3,30,0,0,1,140000,0,0,7,3,25,2000,666.67,0.33,0.5,0.17,7,3,20,3000,1000,,0.5,0,,,,,,,,0,0,,2.75,2,2.333333333,2.5,2,2.316666667,4,1,0,,,,,3.4,3.33,1.75,3.4,3,2.75,2.94,0.2,-0.333333333,0.75,0.6,-0.666666667,0.25,0.133333333
711,0,5,0,79,1,4,1,60,0,0,1,120000,1,1,7,18,40,9000,500,0.06,1,0.06,,,,,,,0,0,,,,,,,,0,0,0.058823529,2.75,2.666666667,1.666666667,3.5,2.5,2.616666667,4,5,,,,,,3.2,3.67,1,2.8,3.67,2.5,2.81,0,0,0,0,0.333333333,0,0.055555556
711,0,5,0,79,1,4,1,60,0,0,1,120000,1,0,7,18,30,8500,472.22,-0.2,1,-0.2,,,,,,,0,0,,,,,,,,0,0,,2.75,2.666666667,1.666666667,3.5,2.5,2.616666667,4,5,,,,,,3.2,3.67,1,2.8,3.33,2.5,2.75,-1.2,0,-1.5,-0.6,0.666666667,0.5,-0.355555556
712,0,5,0,49,6,1,1,12,0,0,1,400000,0,1,2,11,20,6500,590.91,0,1,0,,,,,,,0,0,,,,,,,,0,0,0,1,2.666666667,1.666666667,2,2,1.866666667,3,5,,,,,,4.4,3.67,2.5,3.4,2.67,2,3.11,0,0,0,0,0,0,0
712,0,5,0,49,6,1,1,12,0,0,1,400000,0,0,2,11,20,6500,590.91,0.18,1,0.18,,,,,,,0,0,,,,,,,,0,0,,1,2.666666667,1.666666667,2,2,1.866666667,3,5,,,,,,4.4,3.67,2.5,3.4,2.67,2,3.11,0.6,0.333333333,0,0,-0.666666667,-1,-0.122222222
713,0,5,1,57,2,2,4,20,0,0,1,100000,0,1,7,2,70,1000,500,-0.17,0.5,-0.08,7,2,120,500,250,-0.285714286,0.5,-0.142857143,,,,,,,,0,0,-0.113095238,2.25,1.666666667,1.333333333,2,3,2.05,4,5,,,,,,3.8,3.33,2.5,3.4,3.33,3,3.23,0,0,0,0,0,0,0
713,0,5,1,57,2,2,4,20,0,0,1,100000,0,0,7,2,60,1200,600,0.2,0.5,0.1,7,2,120,700,350,,0.5,0,,,,,,,,0,0,,2.25,1.666666667,1.333333333,2,3,2.05,4,5,,,,,,3.8,3.33,2.5,3.4,3.33,3,3.23,0.2,0,0,0.4,0,0.5,0.183333333
714,0,5,0,53,2,4,2,25,0,0,1,120000,1,1,7,8,30,4000,500,-0.2,1,-0.2,,,,,,,0,0,,,,,,,,0,0,-0.2,3.25,2.333333333,1.666666667,2,3,2.45,4,5,,,,,,3.6,3.33,2.5,3,3.33,2.5,3.04,0,0,0,0,0,0,0
714,0,5,0,53,2,4,2,25,0,0,1,120000,1,0,7,8,30,5000,625,0.84,1,0.84,,,,,,,0,0,,,,,,,,0,0,,3.25,2.333333333,1.666666667,2,3,2.45,4,5,,,,,,3.6,3.33,2.5,3,3.33,2.5,3.04,0.4,0.333333333,0.25,-0.4,0.333333333,0,0.152777778
715,0,5,0,60,1,4,4,35,0,0,1,160000,1,1,7,5,30,1700,340,-0.15,1,-0.15,,,,,,,0,0,,,,,,,,0,0,-0.15,3.25,3,2.333333333,2.5,3.5,2.916666667,4,5,,,,,,3.2,3,2.25,3.4,3,2.5,2.89,0,0,0,0,0,0,0
715,0,5,0,60,1,4,4,35,0,0,1,160000,1,0,7,5,30,2000,400,-0.2,1,-0.2,,,,,,,0,0,,,,,,,,0,0,,3.25,3,2.333333333,2.5,3.5,2.916666667,4,5,,,,,,3.2,3,2.25,3.4,3,2.5,2.89,-0.4,-1,-0.5,-0.2,-0.333333333,-0.75,-0.530555556
716,1,5,0,63,1,2,4,30,0,0,0,0,0,1,7,3,30,1500,500,0,1,0,,,,,,,0,0,,,,,,,,0,0,0,3,2.333333333,1.666666667,2,3,2.4,3,2,1,1,0,0,1,3.6,4,2.75,3.6,3.33,3.25,3.42,0,0,0,0,0,0,0
716,1,5,0,63,1,2,4,30,0,0,0,0,0,0,7,3,30,1500,500,-0.25,1,-0.25,,,,,,,0,0,,,,,,,,0,0,,3,2.333333333,1.666666667,2,3,2.4,3,2,1,1,0,0,1,3.6,4,2.75,3.6,3.33,3.25,3.42,-0.4,0.333333333,0.25,0.6,1,1.25,0.505555556
717,1,5,0,65,1,2,6,40,0,1,0,0,1,1,2,3,20,2000,666.67,0,1,0,,,,,,,0,0,,,,,,,,0,0,0,1,2,1.666666667,2.5,3,2.033333333,3,1,1,0,1,0,0,4,3.67,2.5,3,2.33,2,2.92,0,0,0,0,0,0,0
717,1,5,0,65,1,2,6,40,0,1,0,0,1,0,2,3,20,2000,666.67,-0.67,1,-0.67,,,,,,,0,0,,,,,,,,0,0,,1,2,1.666666667,2.5,3,2.033333333,3,1,1,0,1,0,0,4,3.67,2.5,3,2.33,2,2.92,-0.4,-1,-1.5,-1,-1.666666667,0.5,-0.844444444
741,0,1,1,31,2,1,2,10,1,1,0,0,0,1,1,50,10,100000,2000,0,1,0,,,,,,,0,0,,,,,,,,0,0,0,1.5,2.333333333,1.666666667,1.5,3,2,3,5,,,,,,4.4,4.67,4,4,4,1.5,3.76,0,0,0,0.2,0,0,0.033333333
741,0,1,1,31,2,1,2,10,1,1,0,0,0,0,1,50,10,100000,2000,32.33,1,32.33,,,,,,,0,0,,,,,,,,0,0,,1.5,2.333333333,1.666666667,1.5,3,2,3,5,,,,,,4.4,4.67,4,3.8,4,1.5,3.73,0.4,0.666666667,1.75,0.8,1,-0.5,0.686111111
800,0,5,0,44,4,2,5,2.5,0,0,1,300000,0,1,8,1,45,60,60,0,0.09,0,7,10,3.5,2500,250,0,0.909090909,0,,,,,,,,0,0,0,3,3.666666667,2.666666667,3,4,3.266666667,2,5,,,,,,4,4,2.25,3,3,2,3.04,0.4,1,0,0,1,0,0.4
800,0,5,0,44,4,2,5,2.5,0,0,1,300000,0,0,8,1,45,60,60,-0.96,0.09,-0.09,7,10,4,2500,250,,0.909090909,0,,,,,,,,0,0,,3,3.666666667,2.666666667,3,4,3.266666667,2,5,,,,,,3.6,3,2.25,3,2,2,2.64,-0.4,-0.333333333,-1.5,0,-1,-1,-0.705555556
801,0,5,1,62,3,2,6,35,0,1,1,300000,1,1,7,10,28,13500,1350,0,1,0,,,,,,,0,0,,,,,,,,0,0,0,3,5,4,3,3,3.6,3,5,,,,,,4,3.33,3.75,3,3,3,3.35,1,0.333333333,0.75,0,1,0,0.513888889
801,0,5,1,62,3,2,6,35,0,1,1,300000,1,0,7,10,28,13500,1350,-0.87,1,-0.87,,,,,,,0,0,,,,,,,,0,0,,3,5,4,3,3,3.6,3,5,,,,,,3,3,3,3,2,3,2.83,-1.6,-1,-0.5,0,-1,1,-0.516666667
802,0,5,0,52,1,2,4,30,0,0,1,108000,1,1,9,3,1.3,30000,10000,0,1,0,,,,,,,0,0,,,,,,,,0,0,0,1,2,2,2,2,1.8,2,5,,,,,,4.6,4,3.5,3,3,2,3.35,0.6,0.666666667,0,0,0,0,0.211111111
802,0,5,0,52,1,2,4,30,0,0,1,108000,1,0,9,3,1.3,30000,10000,0.11,1,0.11,,,,,,,0,0,,,,,,,,0,0,,1,2,2,2,2,1.8,2,5,,,,,,4,3.33,3.5,3,3,2,3.14,1,0.333333333,1.5,0,0.666666667,0,0.583333333
803,0,5,0,50,3,2,3,20,0,1,1,100000,0,1,8,14,3.5,126000,9000,0,1,0,,,,,,,0,0,,,,,,,,0,0,0,3,4,4.666666667,4,4,3.933333333,3,2,0,,,,,3,3,2,3,2.33,2,2.56,0,0,0,0,0,0,0
803,0,5,0,50,3,2,3,20,0,1,1,100000,0,0,8,14,8,126000,9000,2,1,2,,,,,,,0,0,,,,,,,,0,0,,3,4,4.666666667,4,4,3.933333333,3,2,0,,,,,3,3,2,3,2.33,2,2.56,-1,-1,-1.75,-0.6,-0.666666667,-1,-1.002777778
804,0,5,0,70,5,2,2,50,0,1,0,0,1,1,4,40,3,120000,3000,0,0.44,0,5,50,6.8,7000,140,-0.5,0.555555556,-0.277777778,,,,,,,,0,0,-0.138888889,3.25,4.333333333,4,4,4,3.916666667,4,5,,,,,,4,4,3.75,3.6,3,3,3.56,0,0,0.5,0.2,0,0,0.116666667
804,0,5,0,70,5,2,2,50,0,1,0,0,1,0,4,40,2.8,120000,3000,0,0.44,0,5,50,8,14000,280,,0.555555556,0,,,,,,,,0,0,,3.25,4.333333333,4,4,4,3.916666667,4,5,,,,,,4,4,3.25,3.4,3,3,3.44,1,0.666666667,0.75,0.2,0,0,0.436111111
805,0,5,1,45,3,2,4,20,0,1,1,200000,1,1,4,50,3,150000,3000,0,0.71,0,1,20,15,6000,300,-0.4,0.285714286,-0.114285714,,,,,,,,0,0,-0.057142857,2.5,3,3,3,3,2.9,2,2,1,1,1,1,1,3,3.33,2.5,3.2,3,3,3.01,0,0.333333333,0.25,0.2,0,0,0.130555556
805,0,5,1,45,3,2,4,20,0,1,1,200000,1,0,4,50,3,150000,3000,0.5,0.71,0.36,1,20,9,10000,500,,0.285714286,0,,,,,,,,0,0,,2.5,3,3,3,3,2.9,2,2,1,1,1,1,1,3,3,2.25,3,3,3,2.88,0,0,-0.5,0,1,1,0.25
806,0,1,0,60,1,1,10,40,0,1,0,0,1,1,4,10,3,20000,2000,0,1,0,,,,,,,0,0,,,,,,,,0,0,0,3.5,4,4,4,4,3.9,4,5,,,,,,3,3,2.75,3,2,2,2.63,0,0.666666667,0.75,0,0,0,0.236111111
806,0,1,0,60,1,1,10,40,0,1,0,0,1,0,4,10,2.4,20000,2000,-0.5,1,-0.5,,,,,,,0,0,,,,,,,,0,0,,3.5,4,4,4,4,3.9,4,5,,,,,,3,2.33,2,3,2,2,2.39,0,-0.666666667,-1,1,0,0,-0.111111111
807,0,1,1,46,3,1,3,10,0,1,1,10000,1,1,4,4,2.5,16000,4000,0,1,0,,,,,,,0,0,,,,,,,,0,0,0,4,3,3,3,4,3.4,3,2,1,1,1,1,1,3,3,3,2,2,2,2.5,0,0.666666667,0.25,0,0,0,0.152777778
807,0,1,1,46,3,1,3,10,0,1,1,10000,1,0,4,4,2.5,16000,4000,1.22,1,1.22,,,,,,,0,0,,,,,,,,0,0,,4,3,3,3,4,3.4,3,2,1,1,1,1,1,3,2.33,2.75,2,2,2,2.35,0,-0.666666667,-0.25,0,-1,-1,-0.486111111
808,0,1,1,65,3,2,5,50,1,1,0,0,1,1,1,20,11,36000,1800,0,1,0,,,,,,,0,0,,,,,,,,0,0,0,3.75,4.666666667,3,3,4.5,3.783333333,3,2,1,1,1,1,1,3,3,3,2,3,3,2.83,0,0.333333333,0,0,0,0,0.055555556
808,0,1,1,65,3,2,5,50,1,1,0,0,1,0,1,20,11,36000,1800,-0.1,1,-0.1,,,,,,,0,0,,,,,,,,0,0,,3.75,4.666666667,3,3,4.5,3.783333333,3,2,1,1,1,1,1,3,2.67,3,2,3,3,2.78,-1,-1.333333333,-0.5,-2,1,0,-0.638888889
809,0,1,1,33,5,2,2,3,1,1,0,0,1,1,1,60,12,120000,2000,-0.97,1,-0.97,,,,,,,0,0,,,,,,,,0,0,-0.967213115,4.5,4,3,3,4,3.7,3,2,1,1,1,1,1,4,4,3.5,4,2,3,3.42,1,1,0.75,1,0,0,0.625
809,0,1,1,33,5,2,2,3,1,1,0,0,1,0,1,60,10,3660000,61000,5.63,1,5.63,,,,,,,0,0,,,,,,,,0,0,,4.5,4,3,3,4,3.7,3,2,1,1,1,1,1,3,3,2.75,3,2,3,2.79,-1,0,-0.5,-1,-1,-1,-0.75
810,0,1,0,49,5,2,4,20,1,1,1,420000,1,1,3,174,1.4,1600000,9195.4,0.23,0.79,0.18,4,45,3,250,5.555555556,5.5,0.205479452,1.130136986,,,,,,,,0,0,0.656743941,3.75,3,3.333333333,3,5,3.616666667,3,2,1,1,1,1,1,4,3,3.25,4,3,4,3.54,0,0,0.25,0,0,0,0.041666667
810,0,1,0,49,5,2,4,20,1,1,1,420000,1,0,3,174,1.07,1300000,7471.26,-0.07,1,-0.07,0,0,0,,,,0,0,,,,,,,,0,0,,3.75,3,3.333333333,3,5,3.616666667,3,2,1,1,1,1,1,4,3,3,4,3,4,3.5,0,-1,-1,0,-1,0,-0.5
811,1,1,1,50,3,2,4,20,0,1,0,0,1,1,4,60,2.3,480000,8000,-0.16,1,-0.16,,,,,,,0,0,,,,,,,,0,0,-0.157894737,3.5,3,3,3,2,2.9,2,1,1,1,1,1,1,4,4,4,4,4,4,4,0,0,0,0,0,0,0
811,1,1,1,50,3,2,4,20,0,1,0,0,1,0,4,60,1.8,570000,9500,6.6,1,6.6,,,,,,,0,0,,,,,,,,0,0,,3.5,3,3,3,2,2.9,2,1,1,1,1,1,1,4,4,4,4,4,4,4,1,1,1,1,1,1,1
812,0,1,0,30,5,2,4,6,1,0,1,96000,1,1,1,1,8.7,1250,1250,-0.17,1,-0.17,,,,,,,0,0,,,,,,,,0,0,-0.166666667,3,2,3,3,2,2.6,2,2,1,1,1,1,1,3,3,3,3,3,3,3,0,0,0,0,0,0,0
812,0,1,0,30,5,2,4,6,1,0,1,96000,1,0,1,1,9,1500,1500,-0.79,1,-0.79,,,,,,,0,0,,,,,,,,0,0,,3,2,3,3,2,2.6,2,2,1,1,1,1,1,3,3,3,3,3,3,3,-1,-2,-1.75,-1,-1,-1,-1.291666667
813,0,1,0,53,5,2,5,30,0,1,1,140000,0,1,4,70,2.8,490000,7000,0,1,0,,,,,,,0,0,,,,,,,,0,0,0,3.5,3,3,3,3,3.1,3,4,1,1,1,1,1,4,5,4.75,4,4,4,4.29,0,1,0.75,0,0,0,0.291666667
813,0,1,0,53,5,2,5,30,0,1,1,140000,0,0,4,70,2.8,490000,7000,1.98,1,1.98,,,,,,,0,0,,,,,,,,0,0,,3.5,3,3,3,3,3.1,3,4,1,1,1,1,1,4,4,4,4,4,4,4,0,0,0,0,1,1,0.333333333
814,1,1,1,57,3,2,3,30,0,1,0,0,1,1,1,4,9,9400,2350,-0.18,1,-0.18,,,,,,,0,0,,,,,,,,0,0,-0.175438596,4,5,3,4,5,4.2,3,1,1,1,1,1,1,4,4,4,4,3,3,3.67,0,0,0,0,0,0,0
814,1,1,1,57,3,2,3,30,0,1,0,0,1,0,1,4,9,11400,2850,-0.72,1,-0.72,,,,,,,0,0,,,,,,,,0,0,,4,5,3,4,5,4.2,3,1,1,1,1,1,1,4,4,4,4,3,3,3.67,1,1,1,1,0,0,0.666666667
815,0,1,1,45,3,2,2,25,1,1,0,0,1,1,3,10,1.4,100000,10000,-0.5,1,-0.5,,,,,,,0,0,,,,,,,,0,0,-0.5,4.25,4,4,3,4,3.85,4,4,1,1,1,1,1,3,3,3,3,3,3,3,0,0,0,0,0,0,0
815,0,1,1,45,3,2,2,25,1,1,0,0,1,0,3,10,1.2,200000,20000,1.5,1,1.5,,,,,,,0,0,,,,,,,,0,0,,4.25,4,4,3,4,3.85,4,4,1,1,1,1,1,3,3,3,3,3,3,3,-1,0,0,0,0,0,-0.166666667
816,0,1,1,60,3,2,5,30,1,1,0,0,1,1,3,100,1.4,800000,8000,0,0.53,0,4,90,3,270000,3000,0,0.473684211,0,,,,,,,,0,0,0,3,4,4.666666667,3,5,3.933333333,3,2,1,1,1,1,1,4,3,3,3,3,3,3.17,0,0,0,0,0,0,0
816,0,1,1,60,3,2,5,30,1,1,0,0,1,0,3,100,1.08,800000,8000,4.33,0.53,2.28,4,90,3,270000,3000,,0.473684211,0,,,,,,,,0,0,,3,4,4.666666667,3,5,3.933333333,3,2,1,1,1,1,1,4,3,3,3,3,3,3.17,1,0,0,0,0,0,0.166666667
817,0,5,0,45,5,2,4,15,0,1,0,0,0,1,1,10,9,15000,1500,-0.17,1,-0.17,,,,,,,0,0,,,,,,,,0,0,-0.166666667,4,3,3.333333333,3,4,3.466666667,4,5,,,,,,3,3,3,3,3,3,3,0,0,0,0,0,0,0
817,0,5,0,45,5,2,4,15,0,1,0,0,0,0,1,10,9,18000,1800,35,1,35,,,,,,,0,0,,,,,,,,0,0,,4,3,3.333333333,3,4,3.466666667,4,5,,,,,,3,3,3,3,3,3,3,0,0,0,0,0,0,0
818,0,5,0,48,5,2,4,10,0,0,0,0,1,1,9,5,90,250,50,0.25,1,0.25,,,,,,,0,0,,,,,,,,0,0,0.25,4,4,4,4,4,4,4,2,1,1,1,1,1,3,3,3,3,3,3,3,0,0,0,0,0,0,0
818,0,5,0,48,5,2,4,10,0,0,0,0,1,0,9,5,120,200,40,-0.96,1,-0.96,,,,,,,0,0,,,,,,,,0,0,,4,4,4,4,4,4,4,2,1,1,1,1,1,3,3,3,3,3,3,3,-1,-1,-1,-1,-1,-1,-1
819,0,5,0,51,5,2,4,10,0,1,1,240000,1,1,9,4,2.5,4000,1000,-0.5,1,-0.5,,,,,,,0,0,,,,,,,,0,0,-0.5,3.75,3,3,3,3,3.15,3,2,1,1,1,1,1,4,4,4,4,4,4,4,1,1,1,1,1,1,1
819,0,5,0,51,5,2,4,10,0,1,1,240000,1,0,9,4,2.5,8000,2000,1.5,1,1.5,,,,,,,0,0,,,,,,,,0,0,,3.75,3,3,3,3,3.15,3,2,1,1,1,1,1,3,3,3,3,3,3,3,0,0,0,0,0,0,0
820,0,5,0,36,5,3,3,15,0,1,0,0,1,1,1,6,10,4800,800,1,1,1,,,,,,,0,0,,,,,,,,0,0,1,4.5,4,3,3,5,3.9,3,2,1,1,1,1,1,3,3,3,3,3,3,3,0,0,0,0,0,0,0
820,0,5,0,36,5,3,3,15,0,1,0,0,1,0,1,12,8,4800,400,-0.76,1,-0.76,,,,,,,0,0,,,,,,,,0,0,,4.5,4,3,3,5,3.9,3,2,1,1,1,1,1,3,3,3,3,3,3,3,0,0,0,0,0,0,0
821,1,5,0,47,3,1,5,15,0,1,0,0,1,1,7,30,30,50000,1666.67,0.11,1,0.11,,,,,,,0,0,,,,,,,,0,0,0.111111111,4.75,4,4,4,5,4.35,5,5,,,,,,3,3,3,3,3,3,3,0,0,0,0,0,0,0
821,1,5,0,47,3,1,5,15,0,1,0,0,1,0,7,30,30,45000,1500,-0.88,1,-0.88,,,,,,,0,0,,,,,,,,0,0,,4.75,4,4,4,5,4.35,5,5,,,,,,3,3,3,3,3,3,3,-1,-1,-1,-1,-1,-1,-1
822,1,5,0,39,5,2,7,10,0,1,1,100000,1,1,3,22,1.4,264000,12000,0,1,0,,,,,,,0,0,,,,,,,,0,0,0,3.5,3,3,3,4,3.3,3,1,1,1,1,1,1,4,4,4,4,4,4,4,0,0,0,0,0,0,0
822,1,5,0,39,5,2,7,10,0,1,1,100000,1,0,3,22,1.2,264000,12000,29,1,29,,,,,,,0,0,,,,,,,,0,0,,3.5,3,3,3,4,3.3,3,1,1,1,1,1,1,4,4,4,4,4,4,4,1,1,1,1,1,1,1
823,0,5,1,48,3,2,4,30,0,0,0,0,0,1,1,9,10.5,3600,400,0,1,0,,,,,,,0,0,,,,,,,,0,0,0,4.5,4,4,3,4,3.9,4,5,,,,,,3,3,3,3,3,3,3,0,0,0,0,0,0,0
823,0,5,1,48,3,2,4,30,0,0,0,0,0,0,1,9,10.5,3600,400,-0.97,1,-0.97,,,,,,,0,0,,,,,,,,0,0,,4.5,4,4,3,4,3.9,4,5,,,,,,3,3,3,3,3,3,3,-1,-1,-1,-1,-1,-1,-1
824,0,5,1,60,3,2,5,35,0,0,0,0,0,1,3,200,1.5,2400000,12000,-0.2,0.82,-0.16,4,45,3,180000,4000,0,0.183673469,0,,,,,,,,0,0,-0.163265306,3.75,3,3,3,3,3.15,3,5,,,,,,4,4,4,4,4,4,4,0,0,0,0,0,0,0
824,0,5,1,60,3,2,5,35,0,0,0,0,0,0,3,200,1.2,3000000,15000,32.33,0.82,26.39,4,45,3,180000,4000,,0.183673469,0,,,,,,,,0,0,,3.75,3,3,3,3,3.15,3,5,,,,,,4,4,4,4,4,4,4,1,1,1,1,1,1,1
825,0,5,1,60,1,2,4,50,0,1,0,0,1,1,1,24,11,10800,450,0,1,0,,,,,,,0,0,,,,,,,,0,0,0,4.75,5,4,5,5,4.75,3,4,1,1,1,1,1,3,3,3,3,3,3,3,0,0,0,0,0,0,0
825,0,5,1,60,1,2,4,50,0,1,0,0,1,0,1,24,11,10800,450,1.25,1,1.25,,,,,,,0,0,,,,,,,,0,0,,4.75,5,4,5,5,4.75,3,4,1,1,1,1,1,3,3,3,3,3,3,3,0,0,0,0,0,0,0
826,0,5,0,48,5,2,4,5,0,1,0,0,1,1,7,5,15,1000,200,0,1,0,,,,,,,0,0,,,,,,,,0,0,0,4,4,4,4,4,4,4,5,,,,,,3,3,3,3,3,3,3,0,0,0,0,0,0,0
826,0,5,0,48,5,2,4,5,0,1,0,0,1,0,7,5,15,1000,200,-0.89,1,-0.89,,,,,,,0,0,,,,,,,,0,0,,4,4,4,4,4,4,4,5,,,,,,3,3,3,3,3,3,3,0,0,0,0,0,0,0
827,0,1,0,56,4,2,5,30,0,0,0,0,1,1,4,8,3,15000,1875,0,1,0,,,,,,,0,0,,,,,,,,0,0,0,4,4,3,4,4,3.8,3,5,,,,,,3,3,3,3,3,3,3,0,0,0,0,0,0,0
827,0,1,0,56,4,2,5,30,0,0,0,0,1,0,4,8,2.8,15000,1875,0.73,1,0.73,,,,,,,0,0,,,,,,,,0,0,,4,4,3,4,4,3.8,3,5,,,,,,3,3,3,3,3,3,3,0,0,0,0,0,0,0
828,0,1,1,61,3,2,6,40,1,1,0,0,1,1,4,23,3,25000,1086.96,-0.04,0.5,-0.02,4,23,2.5,26000,1130.434783,,0.5,0,,,,,,,,0,0,-0.019230769,3.75,3,4,4,3,3.55,3,5,,,,,,3,3,3,3,3,3,3,0,0,0,0,0,0,0
828,0,1,1,61,3,2,6,40,1,1,0,0,1,0,4,23,2.5,26000,1130.43,0.13,1,0.13,0,0,0,,,,0,0,,,,,,,,0,0,,3.75,3,4,4,3,3.55,3,5,,,,,,3,3,3,3,3,3,3,0,0,0,0,0,0,0
829,0,1,0,58,3,2,5,35,1,1,0,0,1,1,4,10,4,10000,1000,0,0.5,0,4,10,3,13000,1300,,0.5,0,,,,,,,,0,0,0,4,4,4,4,4,4,4,5,,,,,,3,3,3,3,3,3,3,0,0,0,0,0,0,0
829,0,1,0,58,3,2,5,35,1,1,0,0,1,0,4,10,4,10000,1000,-0.44,1,-0.44,0,0,0,,,,0,0,,,,,,,,0,0,,4,4,4,4,4,4,4,5,,,,,,3,3,3,3,3,3,3,-1,-1,-1,-1,-1,-1,-1
830,1,2,1,53,5,2,5,30,0,0,0,0,1,1,1,20,9,36000,1800,-0.08,1,-0.08,,,,,,,0,0,,,,,,,,0,0,-0.076923077,3,3,3,4,4,3.4,3,1,1,1,1,1,1,4,4,4,4,4,4,4,0,0,0,1,1,1,0.5
830,1,2,1,53,5,2,5,30,0,0,0,0,1,0,1,20,8,39000,1950,0.64,1,0.64,,,,,,,0,0,,,,,,,,0,0,,3,3,3,4,4,3.4,3,1,1,1,1,1,1,4,4,4,3,3,3,3.5,0,0,0,-1,-1,-1,-0.5
831,1,2,0,64,3,2,6,40,0,1,0,0,1,1,7,8,38,9500,1187.5,-0.03,1,-0.03,,,,,,,0,0,,,,,,,,0,0,-0.030612245,3.25,3,3,3,4,3.25,4,1,1,1,1,1,1,4,4,4,4,4,4,4,1,1,1,1,1,1,1
831,1,2,0,64,3,2,6,40,0,1,0,0,1,0,7,8,30,9800,1225,0.53,1,0.53,,,,,,,0,0,,,,,,,,0,0,,3.25,3,3,3,4,3.25,4,1,1,1,1,1,1,3,3,3,3,3,3,3,-1,-1,-1,0,-1,-1,-0.833333333
832,1,2,1,53,5,2,3,25,1,0,0,0,1,1,1,35,9,28000,800,-0.03,1,-0.03,,,,,,,0,0,,,,,,,,0,0,-0.034482759,4,4,4,4,4,4,4,1,1,1,1,1,1,4,4,4,3,4,4,3.83,1,1,1,0,1,1,0.833333333
832,1,2,1,53,5,2,3,25,1,0,0,0,1,0,1,35,11,29000,828.57,-0.48,1,-0.48,,,,,,,0,0,,,,,,,,0,0,,4,4,4,4,4,4,4,1,1,1,1,1,1,3,3,3,3,3,3,3,0,0,0,0,0,0,0
833,1,2,0,49,5,2,4,20,0,0,0,0,1,1,1,17,10,27000,1588.24,-0.13,1,-0.13,,,,,,,0,0,,,,,,,,0,0,-0.129032258,3.5,3,3,3,3,3.1,3,1,1,1,1,1,1,3,3,3,3,3,3,3,0,0,0,0,0,0,0
833,1,2,0,49,5,2,4,20,0,0,0,0,1,0,1,17,10,31000,1823.53,-0.18,1,-0.18,,,,,,,0,0,,,,,,,,0,0,,3.5,3,3,3,3,3.1,3,1,1,1,1,1,1,3,3,3,3,3,3,3,-1,-1,-1,-1,-1,-1,-1
834,1,2,1,56,4,1,3,40,0,1,0,0,1,1,1,30,11,67000,2233.33,-0.01,1,-0.01,,,,,,,0,0,,,,,,,,0,0,-0.014705882,3,3,3,3,3,3,3,1,1,1,1,1,1,4,4,4,4,4,4,4,1,1,1,1,1,1,1
834,1,2,1,56,4,1,3,40,0,1,0,0,1,0,1,30,11,68000,2266.67,1.79,1,1.79,,,,,,,0,0,,,,,,,,0,0,,3,3,3,3,3,3,3,1,1,1,1,1,1,3,3,3,3,3,3,3,-1,-1,-1,-1,-1,-1,-1
835,1,2,0,42,5,1,5,20,1,1,0,0,1,1,7,8,28,6500,812.5,-0.07,0.62,-0.04,7,5,40,2500,500,-0.166666667,0.384615385,-0.064102564,,,,,,,,0,0,-0.054029304,3.5,4,3,3,3.5,3.4,3,1,1,1,1,1,1,4,4,4,4,4,4,4,1,0,1,1,1,1,0.833333333
835,1,2,0,42,5,1,5,20,1,1,0,0,1,0,7,8,30,7000,875,-0.03,0.62,-0.02,7,5,45,3000,600,,0.384615385,0,,,,,,,,0,0,,3.5,4,3,3,3.5,3.4,3,1,1,1,1,1,1,3,4,3,3,3,3,3.17,0,1,0,0,0,0,0.166666667
836,1,2,0,60,3,2,6,45,0,1,0,0,1,1,1,10,12,9000,900,0,1,0,,,,,,,0,0,,,,,,,,0,0,0,4,4,4,4,4,4,4,1,1,1,1,1,1,3,3,3,3,3,3,3,0,0,0,0,0,0,0
836,1,2,0,60,3,2,6,45,0,1,0,0,1,0,1,10,12,9000,900,-0.22,1,-0.22,,,,,,,0,0,,,,,,,,0,0,,4,4,4,4,4,4,4,1,1,1,1,1,1,3,3,3,3,3,3,3,-1,-1,-1,-1,-1,-1,-1
837,1,2,0,38,5,1,4,10,0,1,1,100000,1,1,7,20,40,23000,1150,-0.08,1,-0.08,,,,,,,0,0,,,,,,,,0,0,-0.08,3,3,3,3,3,3,3,1,1,1,1,1,1,4,4,4,4,4,4,4,0,0,0,0,0,0,0
837,1,2,0,38,5,1,4,10,0,1,1,100000,1,0,7,20,43,25000,1250,0.75,1,0.75,,,,,,,0,0,,,,,,,,0,0,,3,3,3,3,3,3,3,1,1,1,1,1,1,4,4,4,4,4,4,4,2,2,2,2,2,2,2
838,1,2,0,58,3,2,5,25,0,1,1,200000,1,1,1,14,11,10000,714.29,0,1,0,,,,,,,0,0,,,,,,,,0,0,0,4,4,4,4,4,4,4,1,1,1,1,1,1,2,2,2,2,2,2,2,0,0,0,0,0,0,0
838,1,2,0,58,3,2,5,25,0,1,1,200000,1,0,1,14,11,10000,714.29,-0.05,1,-0.05,,,,,,,0,0,,,,,,,,0,0,,4,4,4,4,4,4,4,1,1,1,1,1,1,2,2,2,2,2,2,2,-1,-1,-1,-1,-1,-1,-1
839,1,2,1,62,1,2,7,40,0,1,0,0,1,1,1,20,13,15000,750,-0.06,1,-0.06,,,,,,,0,0,,,,,,,,0,0,-0.0625,4,4,4,5,5,4.4,4,1,1,1,1,1,1,3,3,3,3,3,3,3,0,0,1,1,1,1,0.666666667
839,1,2,1,62,1,2,7,40,0,1,0,0,1,0,1,20,11,16000,800,-0.22,1,-0.22,,,,,,,0,0,,,,,,,,0,0,,4,4,4,5,5,4.4,4,1,1,1,1,1,1,3,3,2,2,2,2,2.33,0,0,-1,-1,-1,-1,-0.666666667
840,0,2,1,33,5,1,3,5,0,0,0,0,0,1,7,8,38,8200,1025,0,1,0,,,,,,,0,0,,,,,,,,0,0,0,3,3,3,3,3,3,3,3,1,1,1,1,1,3,3,3,3,3,3,3,0,0,0,0,0,0,0
840,0,2,1,33,5,1,3,5,0,0,0,0,0,0,7,8,38,8200,1025,0.71,1,0.71,,,,,,,0,0,,,,,,,,0,0,,3,3,3,3,3,3,3,3,1,1,1,1,1,3,3,3,3,3,3,3,1,1,1,1,1,1,1
841,0,2,1,43,5,2,4,5,0,0,0,0,0,1,7,5,25,3000,600,-0.14,1,-0.14,,,,,,,0,0,,,,,,,,0,0,-0.142857143,4,3,3,3,4,3.4,3,5,,,,,,2,2,2,2,2,2,2,0,0,0,0,0,0,0
841,0,2,1,43,5,2,4,5,0,0,0,0,0,0,7,5,30,3500,700,-0.94,1,-0.94,,,,,,,0,0,,,,,,,,0,0,,4,3,3,3,4,3.4,3,5,,,,,,2,2,2,2,2,2,2,-1,-1,-1,-1,-1,-1,-1
842,0,2,0,34,5,1,5,3,0,0,1,300000,0,1,8,1,40,10800,10800,0,1,0,,,,,,,0,0,,,,,,,,0,0,0,3,3,3,3,3,3,3,4,1,1,1,1,1,3,3,3,3,3,3,3,0,0,0,0,0,0,0
842,0,2,0,34,5,1,5,3,0,0,1,300000,0,0,8,1,40,10800,10800,8,1,8,,,,,,,0,0,,,,,,,,0,0,,3,3,3,3,3,3,3,4,1,1,1,1,1,3,3,3,3,3,3,3,0,0,0,0,0,0,0
843,0,2,1,39,5,2,4,4,1,0,1,240000,0,1,7,5,33,6000,1200,-0.08,1,-0.08,,,,,,,0,0,,,,,,,,0,0,-0.076923077,3,3,3,3,3,3,3,5,,,,,,3,3,3,3,3,3,3,0,0,0,0,0,0,0
843,0,2,1,39,5,2,4,4,1,0,1,240000,0,0,7,5,35,6500,1300,-0.22,1,-0.22,,,,,,,0,0,,,,,,,,0,0,,3,3,3,3,3,3,3,5,,,,,,3,3,3,3,3,3,3,1,1,1,1,1,1,1
844,0,2,0,32,5,1,4,2,1,0,1,360000,0,1,7,3,40,5000,1666.67,0,1,0,,,,,,,0,0,,,,,,,,0,0,0,2,3,3,2,3,2.6,2,4,1,1,1,1,1,2,2,2,2,2,2,2,0,0,0,0,0,0,0
844,0,2,0,32,5,1,4,2,1,0,1,360000,0,0,7,3,40,5000,1666.67,3.17,1,3.17,,,,,,,0,0,,,,,,,,0,0,,2,3,3,2,3,2.6,2,4,1,1,1,1,1,2,2,2,2,2,2,2,0,0,0,0,0,0,0
845,0,2,0,52,5,2,5,6,0,0,1,200000,1,1,7,3,20,1200,400,0,1,0,,,,,,,0,0,,,,,,,,0,0,0,3,4,3,3,3,3.2,3,4,1,1,1,1,1,2,2,2,2,2,2,2,0,0,0,0,0,0,0
845,0,2,0,52,5,2,5,6,0,0,1,200000,1,0,7,3,20,1200,400,-0.56,1,-0.56,,,,,,,0,0,,,,,,,,0,0,,3,4,3,3,3,3.2,3,4,1,1,1,1,1,2,2,2,2,2,2,2,-1,-1,-1,-1,-1,-1,-1
846,0,2,0,43,5,2,4,8,0,0,1,360000,0,1,1,20,10,18000,900,0,1,0,,,,,,,0,0,,,,,,,,0,0,0,3,3,3,3,3,3,3,5,,,,,,3,3,3,3,3,3,3,1,1,1,1,1,1,1
846,0,2,0,43,5,2,4,8,0,0,1,360000,0,0,1,20,11,18000,900,-0.4,1,-0.4,,,,,,,0,0,,,,,,,,0,0,,3,3,3,3,3,3,3,5,,,,,,2,2,2,2,2,2,2,-1,-1,-1,-1,-2,-1,-1.166666667
847,0,2,0,44,5,1,4,3,0,0,1,200000,1,1,1,10,12,15000,1500,0,1,0,,,,,,,0,0,,,,,,,,0,0,0,4,4,4,4,4,4,4,3,1,1,1,1,1,3,3,3,3,4,3,3.17,0,0,0,0,1,0,0.166666667
847,0,2,0,44,5,1,4,3,0,0,1,200000,1,0,1,10,12,15000,1500,0.38,1,0.38,,,,,,,0,0,,,,,,,,0,0,,4,4,4,4,4,4,4,3,1,1,1,1,1,3,3,3,3,3,3,3,0,0,0,0,0,0,0
848,0,2,0,38,5,1,4,10,0,1,1,250000,1,1,7,12,40,13000,1083.33,0,1,0,,,,,,,0,0,,,,,,,,0,0,0,3,3,3,2,4,3,3,3,1,1,1,1,1,3,3,3,3,3,3,3,0,0,0,0,0,0,0
848,0,2,0,38,5,1,4,10,0,1,1,250000,1,0,7,12,40,13000,1083.33,-0.19,1,-0.19,,,,,,,0,0,,,,,,,,0,0,,3,3,3,2,4,3,3,3,1,1,1,1,1,3,3,3,3,3,3,3,0,0,0,0,0,0,0
849,0,2,0,45,5,1,5,10,0,0,0,0,0,1,7,6,30,8000,1333.33,-0.16,1,-0.16,,,,,,,0,0,,,,,,,,0,0,-0.157894737,3,3,3,3,3,3,3,5,,,,,,3,3,3,3,3,3,3,0,0,0,0,0,0,0
849,0,2,0,45,5,1,5,10,0,0,0,0,0,0,7,6,38,9500,1583.33,0.32,1,0.32,,,,,,,0,0,,,,,,,,0,0,,3,3,3,3,3,3,3,5,,,,,,3,3,3,3,3,3,3,0,0,0,0,0,0,0
850,0,2,1,50,5,1,4,8,1,0,1,240000,0,1,1,10,12,12000,1200,0,1,0,,,,,,,0,0,,,,,,,,0,0,0,3.75,4,3,4,3,3.55,3,3,1,1,1,1,1,3,3,3,3,3,3,3,1,1,1,1,1,1,1
850,0,2,1,50,5,1,4,8,1,0,1,240000,0,0,1,10,12,12000,1200,0.33,1,0.33,,,,,,,0,0,,,,,,,,0,0,,3.75,4,3,4,3,3.55,3,3,1,1,1,1,1,2,2,2,2,2,2,2,-1,-1,-1,-1,-1,-1,-1
851,0,2,1,48,5,2,5,12,0,0,1,250000,1,1,1,20,10,18000,900,-0.14,1,-0.14,,,,,,,0,0,,,,,,,,0,0,-0.142857143,4.25,4,3,3,4,3.65,4,5,,,,,,3,3,3,3,3,3,3,0,0,0,0,0,0,0
851,0,2,1,48,5,2,5,12,0,0,1,250000,1,0,1,20,11,21000,1050,-0.34,1,-0.34,,,,,,,0,0,,,,,,,,0,0,,4.25,4,3,3,4,3.65,4,5,,,,,,3,3,3,3,3,3,3,0,0,0,0,0,0,0
852,0,2,0,36,5,1,3,2,1,0,1,300000,0,1,7,5,28,8000,1600,-0.11,1,-0.11,,,,,,,0,0,,,,,,,,0,0,-0.111111111,3,3,3,3,3,3,3,5,,,,,,3,3,3,3,3,3,3,1,1,1,1,1,1,1
852,0,2,0,36,5,1,3,2,1,0,1,300000,0,0,7,5,30,9000,1800,0.61,1,0.61,,,,,,,0,0,,,,,,,,0,0,,3,3,3,3,3,3,3,5,,,,,,2,2,2,2,2,2,2,-1,-1,-1,-1,-1,-1,-1
853,0,2,0,55,4,2,6,25,0,1,1,120000,0,1,1,17,9,19000,1117.65,-0.17,1,-0.17,,,,,,,0,0,,,,,,,,0,0,-0.173913043,3,3,3,3,3,3,3,2,1,1,1,1,1,3,3,3,3,3,3,3,0,0,1,1,1,1,0.666666667
853,0,2,0,55,4,2,6,25,0,1,1,120000,0,0,1,17,10,23000,1352.94,0.35,1,0.35,,,,,,,0,0,,,,,,,,0,0,,3,3,3,3,3,3,3,2,1,1,1,1,1,3,3,2,2,2,2,2.33,0,0,-1,-1,-1,-1,-0.666666667
854,0,2,0,42,4,1,4,7,0,0,1,150000,0,1,7,15,38,15000,1000,-0.17,1,-0.17,,,,,,,0,0,,,,,,,,0,0,-0.166666667,3,3,3,3,3,3,3,3,1,1,1,1,1,3,3,3,3,3,3,3,0,0,0,0,0,0,0
854,0,2,0,42,4,1,4,7,0,0,1,150000,0,0,7,15,35,18000,1200,0.68,1,0.68,,,,,,,0,0,,,,,,,,0,0,,3,3,3,3,3,3,3,3,1,1,1,1,1,3,3,3,3,3,3,3,1,1,1,1,1,1,1
855,0,2,0,45,5,1,3,5,1,0,1,240000,0,1,7,7,20,5000,714.29,-0.29,1,-0.29,,,,,,,0,0,,,,,,,,0,0,-0.285714286,3,3,3,4,4,3.4,3,5,,,,,,2,2,2,2,2,2,2,0,0,0,0,0,0,0
855,0,2,0,45,5,1,3,5,1,0,1,240000,0,0,7,7,25,7000,1000,-0.25,1,-0.25,,,,,,,0,0,,,,,,,,0,0,,3,3,3,4,4,3.4,3,5,,,,,,2,2,2,2,2,2,2,-2,-2,-2,-2,-2,-2,-2
856,0,2,1,57,5,2,5,12,0,0,1,300000,0,1,7,15,30,20000,1333.33,0,1,0,,,,,,,0,0,,,,,,,,0,0,0,3.75,3,2,3,3,2.95,3,3,1,1,1,1,1,4,4,4,4,4,4,4,0,0,0,0,0,0,0
856,0,2,1,57,5,2,5,12,0,0,1,300000,0,0,7,15,38,20000,1333.33,0.33,1,0.33,,,,,,,0,0,,,,,,,,0,0,,3.75,3,2,3,3,2.95,3,3,1,1,1,1,1,4,4,4,4,4,4,4,2,2,2,2,2,2,2
857,0,2,0,60,4,2,5,20,0,1,1,200000,1,1,1,10,10,10000,1000,-0.29,1,-0.29,,,,,,,0,0,,,,,,,,0,0,-0.285714286,4,4,4,4,4,4,4,2,1,1,1,1,1,2,2,2,2,2,2,2,0,0,0,0,0,0,0
857,0,2,0,60,4,2,5,20,0,1,1,200000,1,0,1,10,10,14000,1400,-0.38,1,-0.38,,,,,,,0,0,,,,,,,,0,0,,4,4,4,4,4,4,4,2,1,1,1,1,1,2,2,2,2,2,2,2,-1,-1,-1,-1,-1,-1,-1
858,0,2,1,65,3,2,6,30,0,1,0,0,1,1,1,15,9,34000,2266.67,0,1,0,,,,,,,0,0,,,,,,,,0,0,0,3,3,3,3,3,3,3,2,1,1,1,1,1,3,3,3,3,3,3,3,0,0,0,0,0,0,0
858,0,2,1,65,3,2,6,30,0,1,0,0,1,0,1,15,9,34000,2266.67,1.59,1,1.59,,,,,,,0,0,,,,,,,,0,0,,3,3,3,3,3,3,3,2,1,1,1,1,1,3,3,3,3,3,3,3,0,0,0,0,0,0,0
859,0,2,0,45,3,1,3,25,0,0,1,120000,1,1,7,8,35,7000,875,-0.3,1,-0.3,,,,,,,0,0,,,,,,,,0,0,-0.3,3,3,3,3,3,3,3,5,,,,,,3,3,3,3,3,3,3,1,1,1,1,1,1,1
859,0,2,0,45,3,1,3,25,0,0,1,120000,1,0,7,8,38,10000,1250,-0.09,1,-0.09,,,,,,,0,0,,,,,,,,0,0,,3,3,3,3,3,3,3,5,,,,,,2,2,2,2,2,2,2,-2,-2,-2,-2,-2,-2,-2
861,1,1,0,50,5,2,4,30,1,1,0,0,1,1,1,24,10,33000,1375,0,1,0,,,,,,,0,0,,,,,,,,0,0,0,3,3,3,3,3,3,3,1,1,1,1,1,1,4,4,4,4,4,4,4,0,0,0,0,0,0,0
861,1,1,0,50,5,2,4,30,1,1,0,0,1,0,1,24,10,33000,1375,-0.31,1,-0.31,,,,,,,0,0,,,,,,,,0,0,,3,3,3,3,3,3,3,1,1,1,1,1,1,4,4,4,4,4,4,4,-1,-1,-1,0,0,-1,-0.666666667
862,1,1,1,63,3,2,4,40,1,1,0,0,1,1,1,30,9.4,60000,2000,0.11,1,0.11,,,,,,,0,0,,,,,,,,0,0,0.111111111,3.75,3,3,3,4,3.35,3,1,1,1,1,1,1,5,5,5,4,4,5,4.67,0.8,1,1,0,0,1,0.633333333
862,1,1,1,63,3,2,4,40,1,1,0,0,1,0,1,30,6,54000,1800,14.3,1,14.3,,,,,,,0,0,,,,,,,,0,0,,3.75,3,3,3,4,3.35,3,1,1,1,1,1,1,4.2,4,4,4,4,4,4.03,0.2,0,0,0,0,0,0.033333333
863,1,1,0,65,4,2,3,27,1,0,1,120000,1,1,7,8.5,1200,1000,117.65,1,1,1,,,,,,,0,0,,,,,,,,0,0,1,4.5,4,2,3,3,3.3,3,2,1,1,1,1,1,4,4,4,4,4,4,4,0,0,0,0,0,0,0
863,1,1,0,65,4,2,3,27,1,0,1,120000,1,0,7,8.5,1200,500,58.82,-0.97,1,-0.97,,,,,,,0,0,,,,,,,,0,0,,4.5,4,2,3,3,3.3,3,2,1,1,1,1,1,4,4,4,4,4,4,4,-1,-1,-0.75,-0.8,0,0,-0.591666667
864,1,1,1,56,5,1,3,25,1,0,0,0,1,1,1,70,8,128000,1828.57,0,1,0,,,,,,,0,0,,,,,,,,0,0,0,4.5,3,3,3,3,3.3,3,2,1,1,1,1,1,5,5,4.75,4.8,4,4,4.59,1,1,0.75,0.8,0,0,0.591666667
864,1,1,1,56,5,1,3,25,1,0,0,0,1,0,1,70,7,128000,1828.57,0.46,1,0.46,,,,,,,0,0,,,,,,,,0,0,,4.5,3,3,3,3,3.3,3,2,1,1,1,1,1,4,4,4,4,4,4,4,0,0,0,0,0,0,0
865,1,1,1,47,5,2,4,20,1,1,1,30000,1,1,1,40,10.8,50000,1250,-0.17,1,-0.17,,,,,,,0,0,,,,,,,,0,0,-0.166666667,3.75,3,3,3,3,3.15,3,2,1,1,1,1,1,4,4,4,4,4,4,4,0,0,0,0,0,0,0
865,1,1,1,47,5,2,4,20,1,1,1,30000,1,0,1,40,9,60000,1500,-0.82,1,-0.82,,,,,,,0,0,,,,,,,,0,0,,3.75,3,3,3,3,3.15,3,2,1,1,1,1,1,4,4,4,4,4,4,4,1,1,1,1,1,1,1
866,1,1,1,58,3,2,4,30,0,1,1,200000,1,1,3,120,1.4,1000000,8333.33,-0.17,1,-0.17,,,,,,,0,0,,,,,,,,0,0,-0.166666667,3.25,3,2,3,3,2.85,3,1,1,1,1,1,1,3,3,3,3,3,3,3,0,0,0,0,0,0,0
866,1,1,1,58,3,2,4,30,0,1,1,200000,1,0,3,120,1.4,1200000,10000,9,1,9,,,,,,,0,0,,,,,,,,0,0,,3.25,3,2,3,3,2.85,3,1,1,1,1,1,1,3,3,3,3,3,3,3,0,0,0,0,0,0,0
867,1,1,1,64,5,2,4,45,0,0,1,100000,1,1,1,20,11,20000,1000,0,1,0,,,,,,,0,0,,,,,,,,0,0,0,3.5,3,3,3,4,3.3,3,1,1,1,1,1,1,3,3,3,3,3,3,3,0,0,0,0,0,0,0
867,1,1,1,64,5,2,4,45,0,0,1,100000,1,0,1,20,11,20000,1000,-0.6,1,-0.6,,,,,,,0,0,,,,,,,,0,0,,3.5,3,3,3,4,3.3,3,1,1,1,1,1,1,3,3,3,3,3,3,3,-1,-1,-1,-1,-1,-1,-1
868,1,1,0,44,5,1,5,15,1,0,1,200000,1,1,1,30,11,75000,2500,-0.03,1,-0.03,,,,,,,0,0,,,,,,,,0,0,-0.025974026,4,3,3,3,3,3.2,3,1,1,1,1,1,1,4,4,4,4,4,4,4,0,0,0,0,0,0,0
868,1,1,0,44,5,1,5,15,1,0,1,200000,1,0,1,30,11,77000,2566.67,1.57,1,1.57,,,,,,,0,0,,,,,,,,0,0,,4,3,3,3,3,3.2,3,1,1,1,1,1,1,4,4,4,4,4,4,4,0,0,0,0,0,0,0
869,1,1,1,59,3,2,6,30,0,0,0,0,1,1,1,30,10,30000,1000,0,1,0,,,,,,,0,0,,,,,,,,0,0,0,3.25,3,3,4,4,3.45,3,1,1,1,1,1,1,4,4,4,4,4,4,4,0,0,0,0,0,0,0
869,1,1,1,59,3,2,6,30,0,0,0,0,1,0,1,30,11,30000,1000,0.25,1,0.25,,,,,,,0,0,,,,,,,,0,0,,3.25,3,3,4,4,3.45,3,1,1,1,1,1,1,4,4,4,4,4,4,4,0,0,0,0,0,0,0
870,1,1,1,62,3,2,4,40,0,1,1,100000,1,1,1,50,9,40000,800,-0.05,1,-0.05,,,,,,,0,0,,,,,,,,0,0,-0.047619048,3,2,2,3,3,2.6,3,1,1,1,1,1,1,4,4,4,4,4,4,4,0,0,0,0,0,0,0
870,1,1,1,62,3,2,4,40,0,1,1,100000,1,0,1,50,10.2,42000,840,-0.58,1,-0.58,,,,,,,0,0,,,,,,,,0,0,,3,2,2,3,3,2.6,3,1,1,1,1,1,1,4,4,4,4,4,4,4,-1,-1,-1,0,0,0,-0.5
871,1,1,1,55,5,2,3,10,0,0,1,300000,1,1,1,30,10,60000,2000,0.11,1,0.11,,,,,,,0,0,,,,,,,,0,0,0.111111111,3.75,3,3,3,4,3.35,3,1,1,1,1,1,1,5,5,5,4,4,4,4.5,1,1,1,0,0,0,0.5
871,1,1,1,55,5,2,3,10,0,0,1,300000,1,0,1,30,6,54000,1800,0.16,1,0.16,,,,,,,0,0,,,,,,,,0,0,,3.75,3,3,3,4,3.35,3,1,1,1,1,1,1,4,4,4,4,4,4,4,0,0,0,0,0,0,0
872,1,1,0,64,3,2,6,30,1,0,0,0,1,1,1,20,10,31000,1550,-0.06,1,-0.06,,,,,,,0,0,,,,,,,,0,0,-0.060606061,3,3,3,3,3,3,3,1,1,1,1,1,1,4,4,4,4,4,4,4,1,1,1,1,1,1,1
872,1,1,0,64,3,2,6,30,1,0,0,0,1,0,1,20,10,33000,1650,0.77,1,0.77,,,,,,,0,0,,,,,,,,0,0,,3,3,3,3,3,3,3,1,1,1,1,1,1,3,3,3,3,3,3,3,-1,-1,-1,-1,-1,-1,-1
873,1,1,1,68,1,2,4,40,0,1,0,0,1,1,1,30,12,28000,933.33,0,1,0,,,,,,,0,0,,,,,,,,0,0,0,4,3,3,3,3,3.2,3,1,1,1,1,1,1,4,4,4,4,4,4,4,0,1,1,1,1,1,0.833333333
873,1,1,1,68,1,2,4,40,0,1,0,0,1,0,1,30,12,28000,933.33,-0.51,1,-0.51,,,,,,,0,0,,,,,,,,0,0,,4,3,3,3,3,3.2,3,1,1,1,1,1,1,4,3,3,3,3,3,3.17,0,-1,-1,-1,-1,-1,-0.833333333
874,1,1,1,58,3,2,5,30,1,0,0,0,1,1,1,25,10,48000,1920,-0.02,1,-0.02,,,,,,,0,0,,,,,,,,0,0,-0.020408163,3.75,4,4,4,4,3.95,4,1,1,1,1,1,1,4,4,4,4,4,4,4,1,1,1,1,1,1,1
874,1,1,1,58,3,2,5,30,1,0,0,0,1,0,1,25,10,49000,1960,0.15,1,0.15,,,,,,,0,0,,,,,,,,0,0,,3.75,4,4,4,4,3.95,4,1,1,1,1,1,1,3,3,3,3,3,3,3,-1,-1,-1,-1,0,-1,-0.833333333
875,1,1,1,53,5,2,4,25,0,1,1,200000,1,1,1,34,10,58000,1705.88,-0.03,1,-0.03,,,,,,,0,0,,,,,,,,0,0,-0.033333333,4,3,3,3,3,3.2,3,1,1,1,1,1,1,4,4,4,4,3,4,3.83,1,1,1,1,0,1,0.833333333
875,1,1,1,53,5,2,4,25,0,1,1,200000,1,0,1,34,10,60000,1764.71,0.76,1,0.76,,,,,,,0,0,,,,,,,,0,0,,4,3,3,3,3,3.2,3,1,1,1,1,1,1,3,3,3,3,3,3,3,0,0,0,0,0,0,0
876,1,1,1,60,3,2,5,40,0,0,1,200000,1,1,1,50,10.8,50000,1000,0,1,0,,,,,,,0,0,,,,,,,,0,0,0,3.75,3,3,3,3,3.15,3,1,1,1,1,1,1,3,3,3,3,3,3,3,0,0,0,0,0,0,0
876,1,1,1,60,3,2,5,40,0,0,1,200000,1,0,1,50,10.8,50000,1000,-0.06,1,-0.06,,,,,,,0,0,,,,,,,,0,0,,3.75,3,3,3,3,3.15,3,1,1,1,1,1,1,3,3,3,3,3,3,3,-1,-1,-1,-1,-1,-1,-1
877,1,6,1,53,5,2,4,20,0,0,0,0,1,1,2,30,26,32000,1066.67,-0.03,1,-0.03,,,,,,,0,0,,,,,,,,0,0,-0.03030303,3,3,3,3,3,3,3,1,1,1,1,1,1,4,4,4,4,4,4,4,0,0,0,0,0,0,0
877,1,6,1,53,5,2,4,20,0,0,0,0,1,0,2,30,33,33000,1100,-0.93,1,-0.93,,,,,,,0,0,,,,,,,,0,0,,3,3,3,3,3,3,3,1,1,1,1,1,1,4,4,4,4,4,4,4,-1,-0.666666667,-1,-0.2,0.666666667,0.5,-0.283333333
902,0,3,0,32,3,2,7,2,0,0,1,350000,1,1,3,12,1.4,180000,15000,0.25,1,0.25,,,,,,,0,0,,,,,,,,0,0,0.25,1.75,1,1.333333333,2,3,1.816666667,5,3,1,1,1,1,1,5,4.67,5,4.2,3.33,3.5,4.28,1.4,0.333333333,0.75,1.2,1,0.75,0.905555556
902,0,3,0,32,3,2,7,2,0,0,1,350000,1,0,3,12,1.5,144000,12000,14.69,1,14.69,,,,,,,0,0,,,,,,,,0,0,,1.75,1,1.333333333,2,3,1.816666667,5,3,1,1,1,1,1,3.6,4.33,4.25,3,2.33,2.75,3.38,-1.2,0,-0.75,-1.6,-2,-2,-1.258333333
903,0,3,1,55,4,2,5,4,0,0,1,2580000,0,1,1,27,12.7,20650,764.81,10.8,1,10.8,,,,,,,0,0,,,,,,,,0,0,10.8,2.25,2,1,1,2,1.65,1,3,1,1,1,1,1,4.8,4.33,5,4.6,4.33,4.75,4.64,-0.2,0,1.75,0.6,1,1.25,0.733333333
903,0,3,1,55,4,2,5,4,0,0,1,2580000,0,0,1,27,18,1750,64.81,-1,1,-1,,,,,,,0,0,,,,,,,,0,0,,2.25,2,1,1,2,1.65,1,3,1,1,1,1,1,5,4.33,3.25,4,3.33,3.5,3.9,0.8,-0.666666667,-1.25,0,-0.333333333,-0.5,-0.325
904,0,3,1,67,2,2,5,32,0,1,1,380000,1,1,3,25,1.4,375000,15000,0.15,0.56,0.09,1,20,11,14070,703.5,0.074045802,0.444444444,0.032909245,,,,,,,,0,0,0.059189665,1.75,2.333333333,2.333333333,2.5,1,1.983333333,1,2,0,,,,,4.2,5,4.5,4,3.67,4,4.23,0.2,1,0.75,1.4,0.67,0,0.67
904,0,3,1,67,2,2,5,32,0,1,1,380000,1,0,3,25,1.5,325000,13000,-0.48,0.56,-0.27,1,20,9.8,13100,655,,0.444444444,0,,,,,,,,0,0,,1.75,2.333333333,2.333333333,2.5,1,1.983333333,1,2,0,,,,,4,4,3.75,2.6,3,4,3.56,-1,-0.666666667,-1,-1.8,-1.333333333,-0.75,-1.091666667
905,0,3,1,52,3,2,4,14,0,1,1,600000,0,1,3,53,1.4,1325000,25000,0.09,0.73,0.06,4,20,2.66,100000,5000,0,0.273972603,0,,,,,,,,0,0,0.063132817,1.75,1,1,2,2.5,1.65,1,4,1,1,1,0,1,5,4.67,4.75,4.4,4.33,4.75,4.65,0.8,0.666666667,0,1.2,2,1.75,1.069444444
905,0,3,1,52,3,2,4,14,0,1,1,600000,0,0,3,24,1.5,552000,23000,25.14,0.52,13.11,4,22,2.33,110000,5000,,0.47826087,0,,,,,,,,0,0,,1.75,1,1,2,2.5,1.65,1,4,1,1,1,0,1,4.2,4,4.75,3.2,2.33,3,3.58,-0.4,-0.333333333,0,-1.4,-1.666666667,-1.25,-0.841666667
906,0,3,0,48,3,2,4,17,0,1,1,216000,1,1,1,21,12,18480,880,0.05,0.84,0.04,9,4,61,2500,625,-0.074074074,0.16,-0.011851852,,,,,,,,0,0,0.014074074,3,2,1,1,3,2,1,5,,,,,,4.6,4.33,4.75,4.6,4,4.25,4.42,0.8,1.333333333,0.75,0.8,1,0.25,0.822222222
906,0,3,0,48,3,2,4,17,0,1,1,216000,1,0,1,21,17,17640,840,-0.85,0.84,-0.71,9,4,58,2700,675,,0.16,0,,,,,,,,0,0,,3,2,1,1,3,2,1,5,,,,,,3.8,3,4,3.8,3,4,3.6,-0.8,-1.666666667,-0.75,-0.8,-1,-0.75,-0.961111111
907,0,3,0,51,3,2,4,16,1,1,1,250000,1,1,3,40,1.5,220000,5500,0.41,0.82,0.33,1,9,13,1307,145.2222222,0.183876812,0.183673469,0.033773292,,,,,,,,0,0,0.184338242,1.75,2.666666667,1.666666667,1,3,2.016666667,1,2,1,1,1,0,1,4.6,4.67,4.75,4.6,4,4.75,4.56,1.4,1,0.75,1,1,1.75,1.15
907,0,3,0,51,3,2,4,16,1,1,1,250000,1,0,3,40,1.5,156000,3900,-0.29,0.82,-0.24,1,9,11,1104,122.6666667,,0.183673469,0,,,,,,,,0,0,,1.75,2.666666667,1.666666667,1,3,2.016666667,1,2,1,1,1,0,1,3.2,3.67,4,3.6,3,3,3.41,-1.2,-1,-0.5,-0.2,0,-1.25,-0.691666667
908,0,3,1,71,2,2,6,60,0,1,1,450000,0,1,3,80,1.4,440000,5500,-0.35,1,-0.35,,,,,,,0,0,,,,,,,,0,0,-0.352941176,4,1.666666667,2,1,2,2.133333333,3,5,,,,,,4.4,4.67,4.5,3.8,3,4.25,4.1,1.2,1,0.5,1.8,0.666666667,1.25,1.069444444
908,0,3,1,71,2,2,6,60,0,1,1,450000,0,0,3,50,1.5,425000,8500,8.11,1,8.11,,,,,,,0,0,,,,,,,,0,0,,4,1.666666667,2,1,2,2.133333333,3,5,,,,,,3.2,3.67,4,2,2.33,3,3.03,-1,-0.666666667,-0.75,-2,-0.666666667,-0.5,-0.930555556
909,0,3,1,78,2,2,2,59,1,1,1,70000,0,1,1,200,11.5,186700,933.5,0.81,1,0.81,,,,,,,0,0,,,,,,,,0,0,0.807357212,3.5,1.666666667,1,2.5,3,2.333333333,1,4,1,1,1,0,0,4.2,4.33,4.75,4,3,3.5,3.96,0.6,1.666666667,2.25,1.4,0.666666667,2,1.430555556
909,0,3,1,78,2,2,2,59,1,1,1,70000,0,0,1,200,10.6,103300,516.5,-0.46,1,-0.46,,,,,,,0,0,,,,,,,,0,0,,3.5,1.666666667,1,2.5,3,2.333333333,1,4,1,1,1,0,0,3.6,2.67,2.5,2.6,2.33,1.5,2.53,-0.8,-2.333333333,-2.25,-2,-1.333333333,-2.5,-1.869444444
910,0,3,0,41,5,2,3,18,0,0,1,210000,0,1,1,32,14.5,30400,950,0.05,1,0.05,,,,,,,0,0,,,,,,,,0,0,0.048275862,2.25,1.666666667,1.333333333,1,2.5,1.75,1,3,1,0,1,1,1,4.4,5,4.75,4.6,3.67,4,4.4,0.6,0.666666667,1,0.2,1,0.75,0.702777778
910,0,3,0,41,5,2,3,18,0,0,1,210000,0,0,1,32,13,29000,906.25,0.07,1,0.07,,,,,,,0,0,,,,,,,,0,0,,2.25,1.666666667,1.333333333,1,2.5,1.75,1,3,1,0,1,1,1,3.8,4.33,3.75,4.4,2.67,3.25,3.7,0.6,0.666666667,0.5,1.4,0,0,0.527777778
911,0,3,1,48,1,2,3,26,0,0,1,180000,0,1,1,14,11.2,11900,850,0.02,1,0.02,,,,,,,0,0,,,,,,,,0,0,0.017094017,3.75,1.666666667,1.666666667,1.5,3,2.316666667,1,4,1,0,1,0,1,3.2,3.67,3.25,3,2.67,3.25,3.17,-0.6,0,0.25,0,1,0.75,0.233333333
911,0,3,1,48,1,2,3,26,0,0,1,180000,0,0,1,14,10.5,11700,835.71,-0.11,1,-0.11,,,,,,,0,0,,,,,,,,0,0,,3.75,1.666666667,1.666666667,1.5,3,2.316666667,1,4,1,0,1,0,1,3.8,3.67,3,3,1.67,2.5,2.94,-0.6,-0.666666667,-2,-1.4,-2.666666667,-2.25,-1.597222222
912,0,3,1,54,3,2,7,45,0,1,1,280000,1,1,1,95,15,89600,943.16,0.03,0.59,0.02,3,65,1.5,670000,10307.69231,-0.182926829,0.40625,-0.074314024,,,,,,,,0,0,-0.027580399,1.75,1,1.333333333,1,3,1.616666667,1,4,1,1,1,1,1,4.4,4.33,5,4.4,4.33,4.75,4.54,0.2,1,1.75,1,1.333333333,1.25,1.088888889
912,0,3,1,54,3,2,7,45,0,1,1,280000,1,0,1,95,15,86800,913.68,0.14,0.59,0.08,3,65,1.5,820000,12615.38462,,0.40625,0,,,,,,,,0,0,,1.75,1,1.333333333,1,3,1.616666667,1,4,1,1,1,1,1,4.2,3.33,3.25,3.4,3,3.5,3.45,1.2,-0.666666667,0.5,0.2,0.666666667,0,0.316666667
913,0,3,0,53,2,2,5,30,0,1,1,200000,0,1,1,34,11.2,27200,800,0.08,1,0.08,,,,,,,0,0,,,,,,,,0,0,0.075098814,2,1.333333333,2,1,3.5,1.966666667,1,5,,,,,,3,4,2.75,3.2,2.33,3.5,3.13,0.5,1.666666667,0.25,0,1,1.25,0.777777778
913,0,3,0,53,2,2,5,30,0,1,1,200000,0,0,1,34,10.2,25300,744.12,-0.12,1,-0.12,,,,,,,0,0,,,,,,,,0,0,,2,1.333333333,2,1,3.5,1.966666667,1,5,,,,,,2.5,2.33,2.5,3.2,1.33,2.25,2.35,-0.9,-2,-0.75,0,-0.666666667,0,-0.719444444
914,0,3,1,72,1,2,4,46,0,1,1,100000,0,1,1,35,10.2,29564,844.69,0.13,1,0.13,,,,,,,0,0,,,,,,,,0,0,0.133806328,1.25,2.666666667,2,1,1,1.583333333,2,5,,,,,,3.4,4.33,3.25,3.2,2,2.25,3.07,0.4,1,0.5,1,0.333333333,0.25,0.580555556
914,0,3,1,72,1,2,4,46,0,1,1,100000,0,0,1,35,10.2,26075,745,-0.17,1,-0.17,,,,,,,0,0,,,,,,,,0,0,,1.25,2.666666667,2,1,1,1.583333333,2,5,,,,,,3,3.33,2.75,2.2,1.67,2,2.49,-1,-0.666666667,-0.75,-0.8,-0.666666667,-1.5,-0.897222222
915,0,3,0,61,1,2,7,41,0,0,1,240000,0,1,1,10,11.2,8957,895.7,0.02,1,0.02,,,,,,,0,0,,,,,,,,0,0,0.017840909,1.5,1.333333333,1.333333333,1,2,1.433333333,1,4,1,0,1,0,1,4,4,3.5,3,2.33,3.5,3.39,0.8,0.666666667,0.5,0.6,0.666666667,1,0.705555556
915,0,3,0,61,1,2,7,41,0,0,1,240000,0,0,1,10,10,8800,880,0.58,1,0.58,,,,,,,0,0,,,,,,,,0,0,,1.5,1.333333333,1.333333333,1,2,1.433333333,1,4,1,0,1,0,1,3.2,3.33,3,2.4,1.67,2.5,2.68,-0.2,0,-0.25,-0.6,-0.666666667,-0.5,-0.369444444
916,0,3,1,62,1,2,3,50,0,0,1,180000,0,1,1,12,9.8,6700,558.33,0.07,1,0.07,,,,,,,0,0,,,,,,,,0,0,0.07457899,1.5,2.333333333,1.666666667,1,2,1.7,1,5,,,,,,3.4,3.33,3.25,3,2.33,3,3.05,0,1,0.5,1,1,1.25,0.791666667
916,0,3,1,62,1,2,3,50,0,0,1,180000,0,0,1,12,10,6235,519.58,-0.39,1,-0.39,,,,,,,0,0,,,,,,,,0,0,,1.5,2.333333333,1.666666667,1,2,1.7,1,5,,,,,,3.4,2.33,2.75,2,1.33,1.75,2.26,-0.6,-2,-1,-1.8,-1.666666667,-2,-1.511111111
917,0,3,1,38,4,2,5,18,0,1,1,200000,0,1,1,10,11.4,8574,857.4,0,1,0,,,,,,,0,0,,,,,,,,0,0,-0.003023256,2,1.333333333,1.666666667,2,2,1.8,1,3,1,0,1,0,1,4,4.33,3.75,3.8,3,3.75,3.77,0,0.666666667,1,1,0.333333333,0.5,0.583333333
917,0,3,1,38,4,2,5,18,0,1,1,200000,0,0,1,10,10.4,8600,860,-0.94,1,-0.94,,,,,,,0,0,,,,,,,,0,0,,2,1.333333333,1.666666667,2,2,1.8,1,3,1,0,1,0,1,4,3.67,2.75,2.8,2.67,3.25,3.19,-0.2,-1.333333333,-1.75,-1,-0.666666667,-0.75,-0.95
918,0,3,1,59,3,2,4,37,1,1,1,200000,1,1,3,250,1.5,3750000,15000,0,1,0,,,,,,,0,0,,,,,,,,0,0,0,2,2,1.333333333,1,2.5,1.766666667,1,3,1,1,1,0,1,4.2,5,4.5,3.8,3.33,4,4.14,0.6,2.333333333,1.5,1.4,1,1,1.305555556
918,0,3,1,59,3,2,4,37,1,1,1,200000,1,0,3,250,1.5,3750000,15000,16.86,1,16.86,,,,,,,0,0,,,,,,,,0,0,,2,2,1.333333333,1,2.5,1.766666667,1,3,1,1,1,0,1,3.6,2.67,3,2.4,2.33,3,2.83,-0.6,-1.666666667,-1,-1.2,-1.333333333,-0.5,-1.05
919,0,3,1,62,5,2,4,48,0,0,1,344000,0,1,1,105,13,88200,840,0.12,1,0.12,,,,,,,0,0,,,,,,,,0,0,0.12,1.75,1,2,1,2,1.55,1,4,1,1,1,0,1,4.2,4.33,4,3.6,3.67,3.5,3.88,0.6,1,0.5,0.35,1,0.25,0.616666667
919,0,3,1,62,5,2,4,48,0,0,1,344000,0,0,1,105,10.5,78750,750,-0.18,1,-0.18,,,,,,,0,0,,,,,,,,0,0,,1.75,1,2,1,2,1.55,1,4,1,1,1,0,1,3.6,3.33,3.5,3.25,2.67,3.25,3.27,-0.4,-0.666666667,0.25,-0.35,-1,-0.25,-0.402777778
920,0,3,1,61,2,2,3,42,0,0,0,0,0,1,1,200,14.5,184000,920,0.08,1,0.08,,,,,,,0,0,,,,,,,,0,0,0.082352941,2.25,1.333333333,1.333333333,1,2,1.583333333,1,5,,,,,,4,4,3.25,3.6,3.67,3.5,3.67,0.6,1,0.25,0.8,2,0.75,0.9
920,0,3,1,61,2,2,3,42,0,0,0,0,0,0,1,200,15,170000,850,0.05,1,0.05,,,,,,,0,0,,,,,,,,0,0,,2.25,1.333333333,1.333333333,1,2,1.583333333,1,5,,,,,,3.4,3,3,2.8,1.67,2.75,2.77,-0.6,-0.666666667,-0.75,-0.45,-1,-0.5,-0.661111111
921,0,3,1,54,5,2,4,21,0,0,1,1400000,0,1,1,80,15,65000,812.5,0.12,1,0.12,,,,,,,0,0,,,,,,,,0,0,0.120689655,1.25,1.333333333,2,1,2,1.516666667,1,5,,,,,,4,3.67,3.75,3.25,2.67,3.25,3.43,1.2,0.666666667,0.25,0.65,0.666666667,0,0.572222222
921,0,3,1,54,5,2,4,21,0,0,1,1400000,0,0,1,80,14.5,58000,725,-0.93,1,-0.93,,,,,,,0,0,,,,,,,,0,0,,1.25,1.333333333,2,1,2,1.516666667,1,5,,,,,,2.8,3,3.5,2.6,2,3.25,2.86,-1.2,-1.333333333,-0.5,-0.6,-0.333333333,-0.75,-0.786111111
922,0,3,0,46,5,2,5,17,0,1,0,0,0,1,3,26,1.45,260000,10000,0.08,0.65,0.05,1,14,.,8500,607.1428571,-0.15,0.35,-0.0525,,,,,,,,0,0,0.000833333,2.25,1.666666667,1.666666667,1,2,1.716666667,1,4,1,1,1,0,0,4,4.33,4,3.2,2.33,4,3.64,0.8,1.666666667,1,1.2,1,1.75,1.236111111
922,0,3,0,46,5,2,5,17,0,1,0,0,0,0,3,26,1.5,240000,9230.77,-0.08,0.65,-0.05,1,14,.,10000,714.2857143,,0.35,0,,,,,,,,0,0,,2.25,1.666666667,1.666666667,1,2,1.716666667,1,4,1,1,1,0,0,3.2,2.67,3,2,1.33,2.25,2.41,-0.6,-1,-0.5,-1.4,-1,-0.75,-0.875
3923,0,3,1,46,3,2,4,21,0,0,1,150000,0,1,3,18,1.45,180000,10000,0,0.6,0,1,12,12,8000,666.6666667,-0.215686275,0.4,-0.08627451,,,,,,,,0,0,-0.043137255,2.25,2,1.666666667,1,2,1.783333333,1,3,1,1,1,0,1,3.8,3.67,3.5,3.4,2.33,3,3.28,1.4,0.333333333,0.25,1.2,1.333333333,0.5,0.836111111
3923,0,3,1,46,3,2,4,21,0,0,1,150000,0,0,3,14,1.5,140000,10000,9.53,0.47,4.45,1,16,10.5,13600,850,,0.533333333,0,,,,,,,,0,0,,2.25,2,1.666666667,1,2,1.783333333,1,3,1,1,1,0,1,2.4,3.33,3.25,2.2,1,2.5,2.45,-1.8,-1,-0.25,-0.8,-1,-1,-0.975
923,0,3,1,50,3,2,4,29,0,1,0,0,0,1,1,120,14.5,114000,950,0.12,1,0.12,,,,,,,0,0,,,,,,,,0,0,0.117647059,1.75,1.333333333,1,2.5,2.5,1.816666667,1,5,,,,,,4.2,4.33,3.5,3,2,3.5,3.42,0.8,0.666666667,0.5,0.4,0.333333333,0,0.45
923,0,3,1,50,3,2,4,29,0,1,0,0,0,0,1,120,14,102000,850,-0.93,1,-0.93,,,,,,,0,0,,,,,,,,0,0,,1.75,1.333333333,1,2.5,2.5,1.816666667,1,5,,,,,,3.4,3.67,3,2.6,1.67,3.5,2.97,-0.4,0,-0.25,-1,-1.666666667,-0.25,-0.594444444
925,0,3,0,54,3,2,3,28,1,1,0,0,0,1,3,12,1.5,150000,12500,0.15,0.55,0.08,1,10,14,6300,630,0.05,0.454545455,0.022727273,,,,,,,,0,0,0.053321678,2,2,1.666666667,1,2,1.733333333,1,5,,,,,,3.8,3.67,3.25,3.6,3.33,3.75,3.57,0.6,0.333333333,0,0,0.333333333,0.25,0.252777778
925,0,3,0,54,3,2,3,28,1,1,0,0,0,0,3,12,1.45,130000,10833.33,11.75,0.55,6.41,1,10,12.5,6000,600,,0.454545455,0,,,,,,,,0,0,,2,2,1.666666667,1,2,1.733333333,1,5,,,,,,3.2,3.33,3.25,3.6,3,3.5,3.31,-0.8,-1,-0.25,-0.4,0,-0.25,-0.45
926,0,3,1,36,5,1,5,6,0,1,1,500000,0,1,1,35,11.8,29750,850,0.06,1,0.06,,,,,,,0,0,,,,,,,,0,0,0.0625,2.75,2,2.333333333,1,2.5,2.116666667,1,3,1,1,1,0,1,4,4.33,3.5,4,3,3.75,3.76,1.2,1.333333333,0.25,1,1.333333333,0.5,0.936111111
926,0,3,1,36,5,1,5,6,0,1,1,500000,0,0,1,35,12,28000,800,-0.11,1,-0.11,,,,,,,0,0,,,,,,,,0,0,,2.75,2,2.333333333,1,2.5,2.116666667,1,3,1,1,1,0,1,2.8,3,3.25,3,1.67,3.25,2.83,-1.2,-1.333333333,0,-0.2,-1,0.5,-0.538888889
927,0,3,1,62,3,2,5,41,0,0,1,120000,0,1,1,10,12,9000,900,0.06,1,0.06,,,,,,,0,0,,,,,,,,0,0,0.058823529,1.75,1.666666667,1.666666667,3,3,2.216666667,2,4,1,1,1,0,0,4,4.33,3.25,3.2,2.67,2.75,3.37,0.8,1,0.75,1.2,1.333333333,0.5,0.930555556
927,0,3,1,62,3,2,5,41,0,0,1,120000,0,0,1,10,12,8500,850,-0.93,1,-0.93,,,,,,,0,0,,,,,,,,0,0,,1.75,1.666666667,1.666666667,3,3,2.216666667,2,4,1,1,1,0,0,3.2,3.33,2.5,2,1.33,2.25,2.44,-0.6,-1,-1,-1,-1.333333333,-1.5,-1.072222222
928,0,3,0,52,5,2,5,32,0,1,1,120000,0,1,3,57,1.45,741000,13000,0,0.66,0,1,30,14,25500,850,0.037790698,0.344827586,0.013031275,,,,,,,,0,0,0.006515638,2.75,1.666666667,1.666666667,2,2,2.016666667,1,3,1,1,1,0,1,3.8,4.33,3.5,3,2.67,3.75,3.51,0.8,0.333333333,0,-0.4,0.333333333,0.25,0.219444444
928,0,3,0,52,5,2,5,32,0,1,1,120000,0,0,3,45,1.5,585000,13000,0,0.52,0,1,42,11,34400,819.047619,,0.482758621,0,,,,,,,,0,0,,2.75,1.666666667,1.666666667,2,2,2.016666667,1,3,1,1,1,0,1,3,4,3.5,3.4,2.33,3.5,3.29,-0.2,0.333333333,0.25,0.2,0,0,0.097222222
929,0,3,1,45,4,2,4,17,1,1,1,230000,0,1,3,90,1.7,1170000,13000,0.02,0.5,0.01,1,90,11.5,62000,688.8888889,0.033333333,0.5,0.016666667,,,,,,,,0,0,0.012681159,2.25,1.333333333,1.666666667,1,1.5,1.55,1,5,,,,,,3.2,3.67,3.25,3.2,2.33,3.5,3.19,0.2,0,0,1,0.666666667,-0.25,0.269444444
929,0,3,1,45,4,2,4,17,1,1,1,230000,0,0,3,90,1.5,1150000,12777.78,13.2,0.5,6.6,1,90,10.5,60000,666.6666667,,0.5,0,,,,,,,,0,0,,2.25,1.333333333,1.666666667,1,1.5,1.55,1,5,,,,,,3,3.67,3.25,2.2,1.67,3.75,2.92,-0.8,-0.666666667,-1,-1.8,-1.333333333,-0.5,-1.016666667
930,0,3,1,34,4,2,5,4,1,0,1,350000,0,1,1,32,14,28800,900,0.06,1,0.06,,,,,,,0,0,,,,,,,,0,0,0.058823529,2.25,1.5,1.666666667,1,2,1.683333333,1,3,1,1,1,0,1,3.8,4.33,4.25,4,3,4.25,3.94,0.4,1,0.5,1.4,1,0.5,0.8
930,0,3,1,34,4,2,5,4,1,0,1,350000,0,0,1,32,12,27200,850,0.13,1,0.13,,,,,,,0,0,,,,,,,,0,0,,2.25,1.5,1.666666667,1,2,1.683333333,1,3,1,1,1,0,1,3.4,3.33,3.75,2.6,2,3.75,3.14,-0.2,0,0.75,0,0,0.75,0.216666667
931,0,3,0,54,2,2,6,34,0,1,0,0,0,1,1,24,11.5,18000,750,0.06,1,0.06,,,,,,,0,0,,,,,,,,0,0,0.058823529,2,1.666666667,2,3.5,1.5,2.133333333,1,5,,,,,,3.6,3.33,3,2.6,2,3,2.92,0.4,0.666666667,0.25,-0.2,0.666666667,0.5,0.380555556
931,0,3,0,54,2,2,6,34,0,1,0,0,0,0,1,24,11,17000,708.33,-0.94,1,-0.94,,,,,,,0,0,,,,,,,,0,0,,2,1.666666667,2,3.5,1.5,2.133333333,1,5,,,,,,3.2,2.67,2.75,2.8,1.33,2.5,2.54,0,-1,-0.5,0.2,-0.666666667,-0.25,-0.369444444
932,0,3,1,32,5,2,3,6,0,0,1,200000,0,1,3,45,1.45,540000,12000,0,1,0,,,,,,,0,0,,,,,,,,0,0,0,1.5,1.666666667,1.666666667,1,2,1.566666667,1,4,0,,,,,3.2,3.67,3.25,2.6,2,2.75,2.91,0,0.666666667,-0.25,0,0.333333333,0,0.125
932,0,3,1,32,5,2,3,6,0,0,1,200000,0,0,3,45,1.5,540000,12000,8.84,1,8.84,,,,,,,0,0,,,,,,,,0,0,,1.5,1.666666667,1.666666667,1,2,1.566666667,1,4,0,,,,,3.2,3,3.5,2.6,1.67,2.75,2.79,-0.4,-0.666666667,-0.25,-0.4,-1.333333333,-0.75,-0.633333333
933,0,3,0,32,3,2,5,3,0,1,1,200000,0,1,1,100,13.5,122000,1220,1.03,1,1.03,,,,,,,0,0,,,,,,,,0,0,1.033333333,1.5,2,2.67,2,2,2.034,1,3,1,1,1,0,1,3.6,3.67,3.75,3,3,3.5,3.42,1,0.666666667,0.25,0.6,1,1,0.752777778
933,0,3,0,32,3,2,5,3,0,1,1,200000,0,0,1,100,12,60000,600,-0.95,1,-0.95,,,,,,,0,0,,,,,,,,0,0,,1.5,2,2.67,2,2,2.034,1,3,1,1,1,0,1,2.6,3,3.5,2.4,2,2.5,2.67,-1.2,-1,-0.25,-1.4,-0.666666667,-0.75,-0.877777778
934,0,3,1,47,4,2,6,7,1,1,1,350000,0,1,3,45,1.45,540000,12000,0.09,0.75,0.07,1,15,12,12300,820,,0.25,0,,,,,,,,0,0,0.068181818,2,1.333333333,2,1,1.5,1.566666667,2,5,,,,,,3.8,4,3.75,3.8,2.67,3.25,3.54,0.8,1,1,1.6,0.666666667,0.25,0.886111111
934,0,3,1,47,4,2,6,7,1,1,1,350000,0,0,3,45,1.5,495000,11000,12.75,1,12.75,0,0,0,,,,0,0,,,,,,,,0,0,,2,1.333333333,2,1,1.5,1.566666667,2,5,,,,,,3,3,2.75,2.2,2,3,2.66,-0.2,-0.333333333,-0.75,-0.6,-0.333333333,-0.25,-0.411111111
936,0,3,0,54,3,2,5,33,1,1,1,150000,0,1,1,60,12.4,48000,800,0.07,1,0.07,,,,,,,0,0,,,,,,,,0,0,0.066666667,2.5,1.666666667,2.333333333,1,1,1.7,1,5,,,,,,3.2,3.33,3.5,2.8,2.33,3.25,3.07,0.2,0,0.5,0.8,0.333333333,0.25,0.347222222
936,0,3,0,54,3,2,5,33,1,1,1,150000,0,0,1,60,12,45000,750,-0.06,1,-0.06,,,,,,,0,0,,,,,,,,0,0,,2.5,1.666666667,2.333333333,1,1,1.7,1,5,,,,,,3,3.33,3,2,2,3,2.72,-0.4,0,0,-1,-1.333333333,-0.25,-0.497222222
937,0,3,0,47,5,2,5,27,1,1,1,200000,0,1,1,28,12,22400,800,-0.29,1,-0.29,,,,,,,0,0,,,,,,,,0,0,-0.290240811,2,1.333333333,1.666666667,2.5,2,1.9,1,5,,,,,,3.4,3.33,3,3,3.33,3.25,3.22,0.6,-0.666666667,-0.25,0.6,1.666666667,0.25,0.366666667
937,0,3,0,47,5,2,5,27,1,1,1,200000,0,0,1,28,12,31560,1127.14,0.5,1,0.5,,,,,,,0,0,,,,,,,,0,0,,2,1.333333333,1.666666667,2.5,2,1.9,1,5,,,,,,2.8,4,3.25,2.4,1.67,3,2.85,-0.6,0.333333333,-0.75,-0.8,-1,0,-0.469444444
938,0,3,0,56,2,4,6,45,1,0,1,350000,0,1,1,105,14,78750,750,0.07,1,0.07,,,,,,,0,0,,,,,,,,0,0,0.071428571,2.25,1,1.666666667,2,2,1.783333333,1,5,,,,,,3.4,3.67,4,3.2,2.67,3,3.32,0.2,-0.333333333,1.5,1,0.333333333,0,0.45
938,0,3,0,56,2,4,6,45,1,0,1,350000,0,0,1,105,14,73500,700,-0.13,1,-0.13,,,,,,,0,0,,,,,,,,0,0,,2.25,1,1.666666667,2,2,1.783333333,1,5,,,,,,3.2,4,2.5,2.2,2.33,3,2.87,-0.2,0,-1.5,-1,0,-0.75,-0.575
939,0,3,1,60,3,2,5,42,0,0,1,200000,0,1,1,90,14,72000,800,0.07,0.96,0.06,8,4,8,32000,8000,0.066666667,0.042553191,0.002836879,,,,,,,,0,0,0.033657754,1.75,1.666666667,1.333333333,1.5,2,1.65,1,4,1,1,1,1,1,3.4,4,4,3.2,2.33,3.75,3.45,0.2,1,0.75,0.8,0,0.25,0.5
939,0,3,1,60,3,2,5,42,0,0,1,200000,0,0,1,105,13,78700,749.52,0.43,0.96,0.41,8,4,7,30000,7500,,0.036697248,0,,,,,,,,0,0,,1.75,1.666666667,1.333333333,1.5,2,1.65,1,4,1,1,1,1,1,3.2,3,3.25,2.4,2.33,3.5,2.95,0.4,-1,-0.5,-0.6,0,0.25,-0.241666667
940,0,3,0,35,5,2,3,3,0,0,1,360000,0,1,1,12,15,6300,525,0.05,1,0.05,,,,,,,0,0,,,,,,,,0,0,0.05,1.75,2.333333333,2.666666667,2,1.5,2.05,1,3,1,1,1,0,1,2.8,4,3.75,3,2.33,3.25,3.19,0,1.666666667,0.75,0.4,0.666666667,0.25,0.622222222
940,0,3,0,35,5,2,3,3,0,0,1,360000,0,0,1,12,15,6000,500,-0.97,1,-0.97,,,,,,,0,0,,,,,,,,0,0,,1.75,2.333333333,2.666666667,2,1.5,2.05,1,3,1,1,1,0,1,2.8,2.33,3,2.6,1.67,3,2.57,-0.6,-1.666666667,-0.25,-0.2,-0.666666667,-0.75,-0.688888889
941,0,3,0,42,4,2,5,9,0,0,1,100000,0,1,3,240,1.45,4120000,17166.67,0.03,0.89,0.03,1,30,13.5,25000,833.3333333,0.25,0.111111111,0.027777778,,,,,,,,0,0,0.027222222,2.25,2,2,1,2.5,1.95,1,3,1,1,1,0,1,3.4,4,3.25,2.8,2.33,3.75,3.26,0,1,-0.5,0.2,0.333333333,1,0.338888889
941,0,3,0,42,4,2,5,9,0,0,1,100000,0,0,3,240,1.5,4000000,16666.67,0.28,0.89,0.25,1,30,11,20000,666.6666667,,0.111111111,0,,,,,,,,0,0,,2.25,2,2,1,2.5,1.95,1,3,1,1,1,0,1,3.4,3,3.75,2.6,2,2.75,2.92,-0.2,-0.333333333,-0.75,0,-1.333333333,-1.25,-0.644444444
942,0,3,0,42,4,2,3,17,0,1,1,350000,1,1,3,60,1.45,780000,13000,0.04,0.67,0.03,1,30,12,24000,800,0.111111111,0.333333333,0.037037037,,,,,,,,0,0,0.031851852,2.5,1.333333333,2.333333333,1.5,2.5,2.033333333,1,3,1,1,1,0,1,3.6,3.33,4.5,2.6,3.33,4,3.56,0,0,0.5,0.2,1,0,0.283333333
942,0,3,0,42,4,2,3,17,0,1,1,350000,1,0,3,60,1.5,750000,12500,0,0.67,0,1,30,10.5,21600,720,,0.333333333,0,,,,,,,,0,0,,2.5,1.333333333,2.333333333,1.5,2.5,2.033333333,1,3,1,1,1,0,1,3.6,3.33,4,2.4,2.33,4,3.28,0.4,-0.666666667,0.25,-1,-0.666666667,0.25,-0.238888889
943,0,3,0,52,3,2,5,17,0,1,1,500000,0,1,3,240,1.45,3000000,12500,0,0.91,0,1,25,14,25000,1000,0.136363636,0.094339623,0.012864494,,,,,,,,0,0,0.006432247,3,2.666666667,2,1.5,2.5,2.333333333,1,5,,,,,,3.2,4,3.75,3.4,3,3.75,3.52,0,1.666666667,0.25,0.2,0.666666667,0.5,0.547222222
943,0,3,0,52,3,2,5,17,0,1,1,500000,0,0,3,240,1.45,3000000,12500,-0.07,0.91,-0.07,1,25,16,22000,880,,0.094339623,0,,,,,,,,0,0,,3,2.666666667,2,1.5,2.5,2.333333333,1,5,,,,,,3.2,2.33,3.5,3.2,2.33,3.25,2.97,-0.4,-1,-0.5,0.4,0,-0.5,-0.333333333
944,0,3,0,50,4,2,5,20,0,1,1,250000,0,1,3,150,1.4,2025000,13500,0.01,0.77,0.01,1,44,12,41800,950,0.1,0.226804124,0.022680412,,,,,,,,0,0,0.01617268,2.5,3.333333333,1.666666667,1,2.5,2.2,1,4,1,1,1,0,1,3.6,3.33,4,2.8,2.33,3.75,3.3,0.4,0.666666667,0.75,-0.6,0.333333333,0.25,0.3
944,0,3,0,50,4,2,5,20,0,1,1,250000,0,0,3,150,1.5,2000000,13333.33,0.03,0.77,0.02,1,44,10.5,38000,863.6363636,,0.226804124,0,,,,,,,,0,0,,2.5,3.333333333,1.666666667,1,2.5,2.2,1,4,1,1,1,0,1,3.2,2.67,3.25,3.4,2,3.5,3,-0.6,-1,-1.25,0.4,0,0.25,-0.366666667
945,0,3,0,54,3,2,4,32,0,1,1,200000,0,1,3,120,1.45,1560000,13000,0.04,1,0.04,,,,,,,0,0,,,,,,,,0,0,0.04,2.25,2.666666667,2,1.5,3,2.283333333,1,5,,,,,,3.8,3.67,4.5,3,2,3.25,3.37,0.2,0,1.25,0.6,0.666666667,0,0.452777778
945,0,3,0,54,3,2,4,32,0,1,1,200000,0,0,3,120,1.5,1500000,12500,-0.04,1,-0.04,,,,,,,0,0,,,,,,,,0,0,,2.25,2.666666667,2,1.5,3,2.283333333,1,5,,,,,,3.6,3.67,3.25,2.4,1.33,3.25,2.92,-0.4,0.666666667,0.5,-0.6,-1,-0.5,-0.222222222
946,0,3,0,53,2,2,5,15,0,1,1,150000,1,1,3,13,1.6,169000,13000,0.13,0.57,0.07,1,10,14,13500,1350,,0.434782609,0,,,,,,,,0,0,0.071594203,1.5,1.666666667,1.666666667,1.5,2.5,1.766666667,1,4,0,,,,,4,3,2.75,3,2.33,3.75,3.14,1.4,-0.333333333,0.75,1,0.666666667,0,0.580555556
946,0,3,0,53,2,2,5,15,0,1,1,150000,1,0,3,13,1.5,150000,11538.46,-0.11,1,-0.11,0,0,0,,,,0,0,,,,,,,,0,0,,1.5,1.666666667,1.666666667,1.5,2.5,1.766666667,1,4,0,,,,,2.6,3.33,2,2,1.67,3.75,2.56,-0.8,-1.333333333,-2.5,-1.6,-1.666666667,-0.5,-1.4
947,0,3,0,49,5,2,4,15,0,1,1,300000,0,1,3,200,1.45,2600000,13000,-0.99,0.77,-0.76,1,60,15,50000,833.3333333,0.111111111,0.230769231,0.025641026,,,,,,,,0,0,-0.369230769,2,2,2.333333333,1,3,2.066666667,1,3,1,1,1,1,1,3.4,4.67,4.5,3.6,3.33,4.25,3.96,0.2,1,0.25,0.6,-0.333333333,0.75,0.411111111
947,0,3,0,49,5,2,4,15,0,1,1,300000,0,0,3,150,1.5,292500000,1950000,83.78,0.71,59.84,1,60,13.5,45000,750,,0.285714286,0,,,,,,,,0,0,,2,2,2.333333333,1,3,2.066666667,1,3,1,1,1,1,1,3.2,3.67,4.25,3,3.67,3.5,3.55,-0.6,0.666666667,1,1.2,2,1,0.877777778
949,0,3,0,56,3,2,4,21,0,1,1,200000,1,1,3,60,1.45,1380000,23000,0.15,1,0.15,,,,,,,0,0,,,,,,,,0,0,0.15,1.5,2,1.666666667,1.5,2.5,1.833333333,1,5,,,,,,3.8,3,3.25,1.8,1.67,2.5,2.67,0.4,-0.666666667,-0.25,0,0.333333333,0,-0.030555556
949,0,3,0,56,3,2,4,21,0,1,1,200000,1,0,3,60,1.5,1200000,20000,0.54,1,0.54,,,,,,,0,0,,,,,,,,0,0,,1.5,2,1.666666667,1.5,2.5,1.833333333,1,5,,,,,,3.4,3.67,3.5,1.8,1.33,2.5,2.7,-0.2,0.333333333,0.75,-0.8,-1.333333333,-1.25,-0.416666667
950,0,3,0,42,5,2,5,17,0,1,1,250000,0,1,3,10,1.45,130000,13000,0.08,1,0.08,,,,,,,0,0,,,,,,,,0,0,0.083333333,2.25,2.666666667,2,2,3,2.383333333,1,5,,,,,,3.6,3.33,2.75,2.6,2.67,3.75,3.12,-0.4,0.333333333,0.25,0.4,0.333333333,0.5,0.236111111
950,0,3,0,42,5,2,5,17,0,1,1,250000,0,0,3,10,1.5,120000,12000,13.12,1,13.12,,,,,,,0,0,,,,,,,,0,0,,2.25,2.666666667,2,2,3,2.383333333,1,5,,,,,,4,3,2.5,2.2,2.33,3.25,2.88,0.6,-1,-0.75,-0.6,-0.333333333,-0.75,-0.472222222
951,0,3,1,52,4,2,7,25,0,1,1,120000,1,1,1,90,12,76500,850,0.06,0.66,0.04,3,47,1.3,752000,16000,0,0.343065693,0,,,,,,,,0,0,0.041058394,2,2,2,1,2,1.8,1,5,,,,,,3.4,4,3.25,2.8,2.67,4,3.35,0.2,0.666666667,0.75,0.2,0.333333333,1,0.525
951,0,3,1,52,4,2,7,25,0,1,1,120000,1,0,1,90,11.5,72000,800,-0.93,0.75,-0.7,3,30,1.4,480000,16000,,0.25,0,,,,,,,,0,0,,2,2,2,1,2,1.8,1,5,,,,,,3.2,3.33,2.5,2.6,2.33,3,2.83,-0.2,-0.666666667,-1.25,-1.2,-0.333333333,-0.5,-0.691666667
952,0,3,1,48,4,2,5,18,0,1,1,200000,0,1,3,25,1.4,300000,12000,0.04,0.71,0.03,1,10,12,8000,800,0,0.285714286,0,,,,,,,,0,0,0.031055901,2.5,1.666666667,2.333333333,1.5,2,2,1,5,,,,,,3.4,4,3.75,3.8,2.67,3.5,3.52,0.6,0.333333333,0.5,0.8,0.333333333,0,0.427777778
952,0,3,1,48,4,2,5,18,0,1,1,200000,0,0,3,25,1.5,287500,11500,-0.01,0.71,-0.01,1,10,10.5,8000,800,,0.285714286,0,,,,,,,,0,0,,2.5,1.666666667,2.333333333,1.5,2,2,1,5,,,,,,2.8,3.67,3.25,3,2.33,3.5,3.09,-1,-0.666666667,-0.5,-0.8,-0.333333333,0,-0.55
953,0,3,1,44,4,2,4,15,0,1,1,200000,1,1,3,60,1.45,700000,11666.67,0.08,1,0.08,,,,,,,0,0,,,,,,,,0,0,0.076923077,1.5,2.333333333,2,2,2.5,2.066666667,3,5,,,,,,3.8,4.33,3.75,3.8,2.67,3.5,3.64,0.4,0.333333333,-0.25,1,-0.666666667,0.25,0.177777778
953,0,3,1,44,4,2,4,15,0,1,1,200000,1,0,3,60,1.5,650000,10833.33,-0.02,1,-0.02,,,,,,,0,0,,,,,,,,0,0,,1.5,2.333333333,2,2,2.5,2.066666667,3,5,,,,,,3.4,4,4,2.8,3.33,3.25,3.46,-0.2,1,0.25,0,1,0.5,0.425
954,0,3,0,43,4,2,5,12,0,1,0,0,0,1,3,55,1.45,610000,11090.91,0.01,1,0.01,,,,,,,0,0,,,,,,,,0,0,0.008264463,2,2.333333333,1.666666667,1.5,2.5,2,1,4,1,1,1,0,1,3.6,3,3.75,2.8,2.33,2.75,3.04,0.2,-0.666666667,0,0,0,0,-0.077777778
954,0,3,0,43,4,2,5,12,0,1,0,0,0,0,3,55,1.45,605000,11000,0,1,0,,,,,,,0,0,,,,,,,,0,0,,2,2.333333333,1.666666667,1.5,2.5,2,1,4,1,1,1,0,1,3.4,3.67,3.75,2.8,2.33,2.75,3.12,0.2,0.333333333,-0.75,-0.8,-0.666666667,-0.5,-0.363888889
955,0,3,0,52,3,2,5,12,0,1,1,100000,1,1,3,25,1.45,275000,11000,0.1,0.68,0.07,1,12,12,8100,675,0.0125,0.324324324,0.004054054,,,,,,,,0,0,0.035810811,2,2,2,1.5,1.5,1.8,1,5,,,,,,3.2,3.33,4.5,3.6,3,3.25,3.48,-0.4,0,0.25,0.2,0.333333333,0.5,0.147222222
955,0,3,0,52,3,2,5,12,0,1,1,100000,1,0,3,25,1.5,250000,10000,-0.17,0.68,-0.11,1,12,11,8000,666.6666667,,0.324324324,0,,,,,,,,0,0,,2,2,2,1.5,1.5,1.8,1,5,,,,,,3.6,3.33,4.25,3.4,2.67,2.75,3.33,-0.6,0,1,0.6,0.666666667,-0.25,0.236111111
956,0,3,1,48,4,2,6,23,0,1,1,150000,1,1,3,45,1.35,540000,12000,-0.02,1,-0.02,,,,,,,0,0,,,,,,,,0,0,-0.018181818,1.75,2.333333333,1.666666667,1.5,2.5,1.95,1,5,,,,,,4.2,3.33,3.25,2.8,2,3,3.1,0.2,0.666666667,0.25,0,0.333333333,0.5,0.325
956,0,3,1,48,4,2,6,23,0,1,1,150000,1,0,3,45,1.4,550000,12222.22,0.02,1,0.02,,,,,,,0,0,,,,,,,,0,0,,1.75,2.333333333,1.666666667,1.5,2.5,1.95,1,5,,,,,,4,2.67,3,2.8,1.67,2.5,2.77,0.2,-1,-0.5,0,-0.666666667,-0.25,-0.369444444
957,0,3,1,52,4,2,5,34,0,1,1,120000,0,1,3,55,650000,660000,12000,0.02,1,0.02,,,,,,,0,0,,,,,,,,0,0,0.015384615,1.25,2,1.333333333,2,1,1.516666667,2,5,,,,,,3.8,3.67,3.5,2.8,2.33,2.75,3.14,0.2,1,0,-0.4,-0.333333333,0.5,0.161111111
957,0,3,1,52,4,2,5,34,0,1,1,120000,0,0,3,55,1.5,650000,11818.18,-0.02,1,-0.02,,,,,,,0,0,,,,,,,,0,0,,1.25,2,1.333333333,2,1,1.516666667,2,5,,,,,,3.6,2.67,3.5,3.2,2.67,2.25,2.98,0,-0.666666667,-0.75,0.2,0.666666667,-1.25,-0.3
958,0,3,1,57,5,2,4,22,1,1,0,0,0,1,3,75,1.4,900000,12000,0.03,0.83,0.03,1,15,13,11500,766.6666667,0.045454545,0.166666667,0.007575758,,,,,,,,0,0,0.018155695,2,1.666666667,1.666666667,1.5,2,1.766666667,1,5,,,,,,3.6,3.33,4.25,3,2,3.5,3.28,0.2,0.333333333,0,0,0.333333333,0.75,0.269444444
958,0,3,1,57,5,2,4,22,1,1,0,0,0,0,3,75,1.5,870000,11600,-0.07,0.83,-0.06,1,15,12,11000,733.3333333,,0.166666667,0,,,,,,,,0,0,,2,1.666666667,1.666666667,1.5,2,1.766666667,1,5,,,,,,3.4,3,4.25,3,1.67,2.75,3.01,-0.6,0,1,0,0,-0.5,-0.016666667
959,0,3,0,49,4,2,4,12,0,1,0,0,0,1,3,35,1.45,437500,12500,0,0.54,0,1,30,13,25000,833.3333333,0.25,0.461538462,0.115384615,,,,,,,,0,0,0.057384967,1.75,1.666666667,2.333333333,1.5,2.5,1.95,1,5,,,,,,4,3,3.25,3,1.67,3.25,3.03,0,-0.333333333,-0.25,0.2,0,0.25,-0.022222222
959,0,3,0,49,4,2,4,12,0,1,0,0,0,0,3,35,1.5,438000,12514.29,0.07,0.54,0.04,1,30,11,20000,666.6666667,,0.461538462,0,,,,,,,,0,0,,1.75,1.666666667,2.333333333,1.5,2.5,1.95,1,5,,,,,,4,3.33,3.5,2.8,1.67,3,3.05,0.4,-0.666666667,-0.25,0,-0.333333333,0,-0.141666667
961,0,3,1,64,3,2,6,42,0,1,1,200000,1,1,3,40,1.4,470000,11750,-0.02,1,-0.02,,,,,,,0,0,,,,,,,,0,0,-0.020833333,1.75,1,1.666666667,2,2,1.683333333,2,4,1,1,1,0,1,3.6,4,3.75,2.8,2,3,3.19,-0.4,1,0.5,-0.4,0.333333333,-0.25,0.130555556
961,0,3,1,64,3,2,6,42,0,1,1,200000,1,0,3,40,1.4,480000,12000,-0.08,1,-0.08,,,,,,,0,0,,,,,,,,0,0,,1.75,1,1.666666667,2,2,1.683333333,2,4,1,1,1,0,1,4,3,3.25,3.2,1.67,3.25,3.06,-0.2,-0.333333333,-1,0.2,-1.333333333,0.75,-0.319444444
962,0,3,1,76,1,2,6,50,0,1,1,120000,0,1,3,27,1.4,351000,13000,0,0.73,0,1,10,12,7000,700,-0.066666667,0.27027027,-0.018018018,,,,,,,,0,0,-0.009009009,1.5,2.333333333,1.333333333,2,2,1.833333333,1,5,,,,,,4.2,3.33,4.25,3,3,2.5,3.38,0.8,0.666666667,1.5,0.4,0.333333333,0,0.616666667
962,0,3,1,76,1,2,6,50,0,1,1,120000,0,0,3,15,1.45,195000,13000,865.67,0.27,236.09,1,40,11.7,30000,750,,0.727272727,0,,,,,,,,0,0,,1.5,2.333333333,1.333333333,2,2,1.833333333,1,5,,,,,,3.4,2.67,2.75,2.6,2.67,2.5,2.76,-0.4,0.333333333,0,-0.8,-1.666666667,-0.5,-0.505555556
1101,0,2,0,55,3,3,5,20,0,0,1,18000,0,1,7,2,15,30,15,0,0.91,0,8,0.2,33,800,4000,,0.090909091,0,,,,,,,,0,0,0,4.25,5,1,2,5,3.45,2,3,1,1,1,1,1,3.8,2.33,2.75,3.4,4.33,3,3.27,0,0,0,0,0,0,0
1101,0,2,0,55,3,3,5,20,0,0,1,18000,0,0,2,2,15,30,15,-0.83,1,-0.83,,,,,,,0,0,,,,,,,,0,0,,4.25,5,1,2,5,3.45,2,3,1,1,1,1,1,3.8,2.33,2.75,3.4,4.33,3,3.27,0,-2.333333333,-1,0.2,0.333333333,-2,-0.8
1102,0,2,0,32,5,1,4,8,0,1,1,30000,1,1,5,5,12.5,450,90,0,0.42,0,1,7,0,450,64.28571429,0,0.583333333,0,,,,,,,,0,0,0,1.25,1,1.333333333,1,2,1.316666667,1,2,1,1,1,1,1,3.8,4.67,3.75,3.2,4,5,4.07,0,0,0,0,0,0,0
1102,0,2,0,32,5,1,4,8,0,1,1,30000,1,0,5,5,12.5,450,90,-0.39,0.42,-0.16,1,7,0,450,64.28571429,,0.583333333,0,,,,,,,,0,0,,1.25,1,1.333333333,1,2,1.316666667,1,2,1,1,1,1,1,3.8,4.67,3.75,3.2,4,5,4.07,0,0,2.75,-1.4,-0.333333333,1.75,0.461111111
1103,0,2,0,65,3,2,3,35,0,1,0,0,1,1,7,17,20,2500,147.06,-0.31,0.97,-0.3,8,0.5,35,3600,7200,0,0.028571429,0,,,,,,,,0,0,-0.304761905,2.25,1.333333333,1.333333333,1,4,1.983333333,1,2,1,1,1,1,1,3.8,4.67,1,4.6,4.33,3.25,3.61,0,0,0,0,0,0,0
1103,0,2,0,65,3,2,3,35,0,1,0,0,1,0,7,7,15,1500,214.29,2,0.93,1.87,8,0.5,35,3600,7200,,0.066666667,0,,,,,,,,0,0,,2.25,1.333333333,1.333333333,1,4,1.983333333,1,2,1,1,1,1,1,3.8,4.67,1,4.6,4.33,3.25,3.61,-0.4,0.666666667,-2.5,0.6,2.666666667,-0.5,0.088888889
1104,0,2,0,52,1,2,4,20,0,1,0,0,0,1,5,14,6.5,1000,71.43,-0.6,1,-0.6,,,,,,,0,0,,,,,,,,0,0,-0.6,1.75,4.666666667,2,1,4,2.683333333,4,4,1,1,1,1,1,4.2,4,3.5,4,1.67,3.75,3.52,-0.2,-0.666666667,1.5,0,0,0.5,0.188888889
1104,0,2,0,52,1,2,4,20,0,1,0,0,0,0,5,14,6.5,2500,178.57,3.76,1,3.76,,,,,,,0,0,,,,,,,,0,0,,1.75,4.666666667,2,1,4,2.683333333,4,4,1,1,1,1,1,4.4,4.67,2,4,1.67,3.25,3.33,0.6,0.333333333,-0.75,1,-2,0.5,-0.052777778
1106,0,2,0,56,1,2,6,30,0,1,0,0,1,1,7,4,17.5,150,37.5,-0.52,0.5,-0.26,7,4,33,300,75,-0.77443609,0.5,-0.387218045,,,,,,,,0,0,-0.323158054,3.75,2.333333333,1,1,5,2.616666667,4,2,1,1,1,1,1,3.8,4.33,2.75,3,3.67,2.75,3.38,0,0,0,0,0,0,0
1106,0,2,0,56,1,2,6,30,0,1,0,0,1,0,7,4,15,311.33,77.83,2.89,0.5,1.45,7,4,15,1330,332.5,,0.5,0,,,,,,,,0,0,,3.75,2.333333333,1,1,5,2.616666667,4,2,1,1,1,1,1,3.8,4.33,2.75,3,3.67,2.75,3.38,0,1.666666667,0.5,0,1.666666667,0,0.638888889
1108,0,2,0,50,1,2,3,30,0,1,0,0,1,1,7,10,18,200,20,-0.92,1,-0.92,,,,,,,0,0,,,,,,,,0,0,-0.92,2.75,2.666666667,1.666666667,4,4,3.016666667,2,2,1,1,1,1,1,3.8,2.67,2.25,3,2,2.75,2.74,0,0,0,0,0.333333333,0.5,0.138888889
1108,0,2,0,50,1,2,3,30,0,1,0,0,1,0,7,10,10,2500,250,0.23,1,0.23,,,,,,,0,0,,,,,,,,0,0,,2.75,2.666666667,1.666666667,4,4,3.016666667,2,2,1,1,1,1,1,3.8,2.67,2.25,3,1.67,2.25,2.61,0.6,0.333333333,-0.5,1.6,-0.666666667,-1,0.061111111
1109,0,2,0,45,2,2,5,25,0,1,0,0,1,1,7,14,17.5,2855,203.93,-0.29,0.78,-0.22,5,4,8,250,62.5,-0.791666667,0.222222222,-0.175925926,,,,,,,,0,0,-0.199282407,3.75,2.333333333,4.333333333,3,5,3.683333333,5,5,,,,,,3.2,2.33,2.75,1.4,2.33,3.25,2.54,0,0,0,0,0,0,0
1109,0,2,0,45,2,2,5,25,0,1,0,0,1,0,7,14,7.5,4000,285.71,10.43,0.78,8.11,5,4,7.5,1200,300,,0.222222222,0,,,,,,,,0,0,,3.75,2.333333333,4.333333333,3,5,3.683333333,5,5,,,,,,3.2,2.33,2.75,1.4,2.33,3.25,2.54,-1.4,-2.333333333,0,-2.6,-0.333333333,0.75,-0.986111111
1110,0,2,1,60,1,2,3,30,0,0,0,0,1,1,7,2,95,50,25,0,1,0,,,,,,,0,0,,,,,,,,0,0,0,1.25,1.666666667,1,2,1,1.383333333,2,2,1,1,1,1,1,4.6,4.67,2.75,4,2.67,2.5,3.53,0,0,0,0,0,0,0
1110,0,2,1,60,1,2,3,30,0,0,0,0,1,0,7,2,95,50,25,-0.98,1,-0.98,,,,,,,0,0,,,,,,,,0,0,,1.25,1.666666667,1,2,1,1.383333333,2,2,1,1,1,1,1,4.6,4.67,2.75,4,2.67,2.5,3.53,-0.4,0.996666667,-0.25,0.2,0.666666667,0.5,0.285555556
1111,0,2,1,32,1,2,9,10,0,1,0,0,1,1,7,0.5,210,500,1000,0,0.5,0,8,0.5,5,1000,2000,0,0.5,0,,,,,,,,0,0,0,1.75,1,1,1,4.5,1.85,2,2,1,1,1,1,1,5,3.67,3,3.8,2,2,3.25,0,0.003333333,0,0,0,0,0.000555556
1111,0,2,1,32,1,2,9,10,0,1,0,0,1,0,7,0.5,210,500,1000,-0.8,0.5,-0.4,8,0.5,5,1000,2000,,0.5,0,,,,,,,,0,0,,1.75,1,1,1,4.5,1.85,2,2,1,1,1,1,1,5,3.67,3,3.8,2,2,3.24,2.2,0.333333333,1,2.4,-1.666666667,0.5,0.794444444
1112,0,2,0,37,1,3,5,9,0,1,0,0,1,1,7,2,5,10000,5000,1.5,1,1.5,,,,,,,0,0,,,,,,,,0,0,1.5,3.25,4,2.333333333,1,5,3.116666667,1,3,1,1,1,1,1,2.8,3.33,2,1.4,3.67,1.5,2.45,0,0,-0.25,0,0.333333333,0,0.013888889
1112,0,2,0,37,1,3,5,9,0,1,0,0,1,0,7,1,5,2000,2000,2.64,1,2.64,,,,,,,0,0,,,,,,,,0,0,,3.25,4,2.333333333,1,5,3.116666667,1,3,1,1,1,1,1,2.8,3.33,2.25,1.4,3.33,1.5,2.44,-2,-1.333333333,-2.75,-3.4,-1.666666667,-2,-2.191666667
1113,0,2,0,80,0,2,3,50,0,0,0,0,1,1,8,1,25,1650,550,0.07,0.67,0.04,8,0.5,10,800,1600,-0.384615385,0.333333333,-0.128205128,,,,,,,,0,0,-0.04213874,2,1.666666667,1,1,3.5,1.833333333,1,2,1,1,1,1,1,4.8,4.67,5,4.8,5,3.5,4.63,0.4,0,0,0.2,0,0,0.1
1113,0,2,0,80,0,2,3,50,0,0,0,0,1,0,8,1,25,1548,516,-0.26,0.67,-0.18,8,0.5,10,1300,2600,,0.333333333,0,,,,,,,,0,0,,2,1.666666667,1,1,3.5,1.833333333,1,2,1,1,1,1,1,4.4,4.67,5,4.6,5,3.5,4.53,0,0.333333333,1,0.4,1,-0.5,0.372222222
1114,0,2,1,30,1,2,6,10,0,1,0,0,1,1,7,0.5,150,350,700,-0.36,0.5,-0.18,8,0.5,7.5,750,1500,0.25,0.5,0.125,,,,,,,,0,0,-0.028409091,3,3,1,2,4.5,2.7,4,2,0,,,,,4.4,4.33,4,4.2,4,4,4.16,0,0.333333333,-1,0,0,0,-0.111111111
1114,0,2,1,30,1,2,6,10,0,1,0,0,1,0,7,0.5,200,550,1100,-0.08,0.5,-0.04,8,0.5,13,600,1200,,0.5,0,,,,,,,,0,0,,3,3,1,2,4.5,2.7,4,2,0,,,,,4.4,4,5,4.2,4,4,4.27,0,0.666666667,2.5,0.8,0.33,0.25,0.757777778
1115,0,2,1,27,2,2,3,5,0,0,0,0,0,1,7,5,5.5,6000,1200,-0.16,1,-0.16,,,,,,,0,0,,,,,,,,0,0,-0.16,2.25,2.666666667,1,1,4,2.183333333,1,4,1,1,1,1,1,4.4,3.33,2.5,3.4,3.67,3.75,3.51,-0.4,-0.333333333,0,-1.2,0.003333333,-0.75,-0.446666667
1115,0,2,1,27,2,2,3,5,0,0,0,0,0,0,7,7,13.5,10000,1428.57,-0.62,1,-0.62,,,,,,,0,0,,,,,,,,0,0,,2.25,2.666666667,1,1,4,2.183333333,1,4,1,1,1,1,1,4.8,3.67,2.5,4.6,3.67,4.5,3.96,-0.2,-1,-2.25,0.4,1,-0.5,-0.425
1116,0,2,1,27,2,1,6,15,0,1,1,4000,1,1,8,0.2,15,750,3750,-0.29,0.5,-0.14,8,0.2,20,450,2250,0.5,0.5,0.25,,,,,,,,0,0,0.053571429,3.5,1.666666667,1,1,3.5,2.133333333,1,2,1,0,1,1,1,5,4.67,4.75,4.2,2.67,5,4.38,0,0,0,0.2,-0.333333333,0.75,0.102777778
1116,0,2,1,27,2,1,6,15,0,1,1,4000,1,0,8,0.2,10,1050,5250,15.2,0.5,7.6,8,0.2,25.5,300,1500,,0.5,0,,,,,,,,0,0,,3.5,1.666666667,1,1,3.5,2.133333333,1,2,1,0,1,1,1,5,4.67,4.75,4,3,4.25,4.28,1.2,0.333333333,0,0,-1.333333333,1.75,0.325
1117,0,2,0,36,2,2,4,16,1,1,0,0,1,1,8,0.5,40,162,324,-0.5,1,-0.5,,,,,,,0,0,,,,,,,,0,0,-0.5,1.25,1.666666667,1.666666667,1,3,1.716666667,3,2,1,1,1,1,1,3.8,4.33,4.75,4,4.33,2.5,3.95,0,0,0,0,0,0,0
1117,0,2,0,36,2,2,4,16,1,1,0,0,1,0,8,0.25,40,162,648,-0.84,1,-0.84,,,,,,,0,0,,,,,,,,0,0,,1.25,1.666666667,1.666666667,1,3,1.716666667,3,2,1,1,1,1,1,3.8,4.33,4.75,4,4.33,2.5,3.95,-1,-0.666666667,0,-0.6,-0.666666667,0.25,-0.447222222
1118,0,2,0,25,3,2,5,6,0,0,0,0,1,1,8,1,16,4000,4000,0,1,0,,,,,,,0,0,,,,,,,,0,0,0,2.25,1.666666667,1,1,3,1.783333333,1,2,1,1,1,1,1,4.8,5,4.75,4.6,5,2.25,4.4,0.2,0,0,0,0,0,0.033333333
1118,0,2,0,25,3,2,5,6,0,0,0,0,1,0,8,1,15,4000,4000,-0.5,1,-0.5,,,,,,,0,0,,,,,,,,0,0,,2.25,1.666666667,1,1,3,1.783333333,1,2,1,1,1,1,1,4.6,5,4.75,4.6,5,2.25,4.37,0,0.666666667,0.25,1.6,3,-1.5,0.669444444
1119,0,2,1,42,3,2,4,16,0,0,0,0,1,1,8,0.5,14,4000,8000,0,0.5,0,8,0.5,8,4000,8000,0,0.5,0,,,,,,,,0,0,0,1.5,2.333333333,1.333333333,2,4,2.233333333,5,2,1,1,1,1,1,4.6,4.33,4.5,3,2,3.75,3.7,0,0,0,0,0,0,0
1119,0,2,1,42,3,2,4,16,0,0,0,0,1,0,8,0.5,10,4000,8000,0,0.5,0,8,0.5,8,4000,8000,,0.5,0,,,,,,,,0,0,,1.5,2.333333333,1.333333333,2,4,2.233333333,5,2,1,1,1,1,1,4.6,4.33,4.5,3,2,3.75,3.7,-0.2,0.333333333,-0.5,-1,-2.333333333,0.5,-0.533333333
1120,0,2,0,38,5,2,4,5,0,1,0,0,1,1,8,0.5,16,4000,8000,0,0.71,0,7,0.2,75,1000,5000,,0.285714286,0,,,,,,,,0,0,0,1.5,1.666666667,1,1,3,1.633333333,1,2,1,1,1,1,1,4.8,4,5,4,4.33,3.25,4.23,0,0,0,0,0,0,0
1120,0,2,0,38,5,2,4,5,0,1,0,0,1,0,8,0.5,15,4000,8000,15,1,15,,,,,,,0,0,,,,,,,,0,0,,1.5,1.666666667,1,1,3,1.633333333,1,2,1,1,1,1,1,4.8,4,5,4,4.33,3.25,4.23,1.6,1,1,0.6,1.666666667,1,1.144444444
1201,0,3,1,57,1,2,,15,0,1,0,0,0,1,1,12,12,6000,500,-0.38,1,-0.38,,,,,,,0,0,,,,,,,,0,0,-0.375,3,2,2.666666667,2,4,2.733333333,3,5,,,,,,3.2,3,4,3.4,2.67,2.25,3.09,0,0.333333333,1,0.4,0.666666667,0.25,0.441666667
1201,0,3,1,57,1,2,,15,0,1,0,0,0,0,1,12,12,9600,800,1.67,1,1.67,,,,,,,0,0,,,,,,,,0,0,,3,2,2.666666667,2,4,2.733333333,3,5,,,,,,3.2,2.67,3,3,2,2,2.64,-0.8,-0.666666667,0,-0.4,-1,-0.5,-0.561111111
1202,1,3,0,58,2,2,4,35,1,1,0,0,1,1,1,10,14,3000,300,-0.4,0.17,-0.07,3,50,1300,605000,12100,,0.833333333,0,,,,,,,,0,0,-0.066666667,2.5,3,2.333333333,2,2,2.366666667,2,4,1,1,1,1,1,4,3.33,3,3.4,3,2.5,3.21,0.2,0.666666667,0.25,0.6,0,0,0.286111111
1202,1,3,0,58,2,2,4,35,1,1,0,0,1,0,1,10,14,5000,500,-0.83,1,-0.83,0,0,0,,,,0,0,,,,,,,,0,0,,2.5,3,2.333333333,2,2,2.366666667,2,4,1,1,1,1,1,3.8,2.67,2.75,2.8,3,2.5,2.92,0.2,0.333333333,1,0,0.666666667,0.75,0.491666667
1203,0,3,1,60,1,2,4,35,0,1,1,150000,1,1,1,80,2,240000,3000,0,1,0,,,,,,,0,0,,,,,,,,0,0,0,3.5,2,2,3.5,2,2.6,5,5,,,,,,3.6,2.33,1.75,2.8,2.33,1.75,2.43,0.2,0,0,0.2,0.333333333,0,0.122222222
1203,0,3,1,60,1,2,4,35,0,1,1,150000,1,0,1,80,2,240000,3000,-0.71,1,-0.71,,,,,,,0,0,,,,,,,,0,0,,3.5,2,2,3.5,2,2.6,5,5,,,,,,3.4,2.33,1.75,2.6,2,1.75,2.31,-0.8,-0.666666667,-3,-1.6,-1.666666667,-0.75,-1.413888889
1204,0,3,0,49,3,2,4,15,0,0,1,250000,0,1,3,80,1420,817000,10212.5,0.28,0.8,0.22,1,20,9,4000,200,0.333333333,0.2,0.066666667,,,,,,,,0,0,0.143958333,2,1.333333333,1.666666667,1,1.5,1.5,3,4,1,1,1,1,1,4.2,3,4.75,4.2,3.67,2.5,3.72,0,-0.666666667,0.25,0.2,0.666666667,0,0.075
1204,0,3,0,49,3,2,4,15,0,0,1,250000,0,0,3,50,1180,400000,8000,176.78,0.71,126.27,1,20,7,3000,150,,0.285714286,0,,,,,,,,0,0,,2,1.333333333,1.666666667,1,1.5,1.5,3,4,1,1,1,1,1,4.2,3.67,4.5,4,3,2.5,3.64,0.8,-0.333333333,1,0.8,-0.666666667,-0.25,0.225
1205,0,3,0,56,3,2,4,7,0,1,1,150000,1,1,7,2,25,90,45,0.13,0.5,0.06,8,2,5,30,15,,0.5,0,,,,,,,,0,0,0.0625,2,1.333333333,2,1,1.5,1.566666667,1,3,1,1,1,1,1,3.4,4,3.5,3.2,3.67,2.75,3.42,0,0,0.25,0,0.666666667,0.25,0.194444444
1205,0,3,0,56,3,2,4,7,0,1,1,150000,1,0,7,2,23,80,40,-0.91,1,-0.91,,,,,,,0,0,,,,,,,,0,0,,2,1.333333333,2,1,1.5,1.566666667,1,3,1,1,1,1,1,3.4,4,3.25,3.2,3,2.5,3.23,-0.8,0,-0.5,-0.4,0,-0.5,-0.366666667
1206,0,3,1,61,2,2,5,23,1,1,1,200000,0,1,1,10,13,4470,447,0,0.5,0,3,10,1420,170000,17000,0.133333333,0.5,0.066666667,,,,,,,,0,0,0.034456929,2.5,2.666666667,1.666666667,1,1.5,1.866666667,1,5,,,,,,4.2,4,3.75,3.6,3,3,3.59,0.4,0,0.5,0,0.333333333,0.25,0.247222222
1206,0,3,1,61,2,2,5,23,1,1,1,200000,0,0,1,10,12,4450,445,0.11,0.5,0.06,3,10,1100,150000,15000,,0.5,0,,,,,,,,0,0,,2.5,2.666666667,1.666666667,1,1.5,1.866666667,1,5,,,,,,3.8,4,3.25,3.6,2.67,2.75,3.34,-0.4,-0.333333333,0.5,1.2,0.333333333,0.5,0.3
1207,0,3,1,68,5,2,5,30,0,0,1,300000,0,1,1,5,12,2000,400,0,1,0,,,,,,,0,0,,,,,,,,0,0,0,2.75,1,1.333333333,1,1,1.416666667,1,4,1,1,1,1,1,4.2,4.33,2.75,2.4,2.33,2.25,3.04,0,0,0.5,-0.2,0,0,0.05
1207,0,3,1,68,5,2,5,30,0,0,1,300000,0,0,1,5,12,2000,400,0.2,1,0.2,,,,,,,0,0,,,,,,,,0,0,,2.75,1,1.333333333,1,1,1.416666667,1,4,1,1,1,1,1,4.2,4.33,2.25,2.6,2.33,2.25,2.99,0.6,0.666666667,-1.25,-0.4,-1.333333333,-0.5,-0.369444444
1208,0,3,0,50,3,1,,10,0,1,1,200000,0,1,7,6,800,2000,333.33,0.33,1,0.33,,,,,,,0,0,,,,,,,,0,0,0.333333333,1.75,1,2,1,1.5,1.45,1,5,,,,,,3.6,3.67,3.5,3,3.67,2.75,3.36,-0.4,-0.333333333,0.5,0.2,1,0.5,0.244444444
1208,0,3,0,50,3,1,,10,0,1,1,200000,0,0,7,6,800,1500,250,-0.55,1,-0.55,,,,,,,0,0,,,,,,,,0,0,,1.75,1,2,1,1.5,1.45,1,5,,,,,,4,4,3,2.8,2.67,2.25,3.12,0.4,1,1.5,0.2,0.666666667,-0.25,0.586111111
1209,0,3,1,50,3,2,5,15,1,1,1,200000,1,1,1,10,10.5,5500,550,0.1,0.5,0.05,5,10,8,7000,700,-0.125,0.5,-0.0625,,,,,,,,0,0,-0.00625,2.5,1.333333333,2.333333333,2,3,2.233333333,1,5,,,,,,3.6,3,1.5,2.6,2,2.5,2.53,0,0.666666667,0,0.2,0,0,0.144444444
1209,0,3,1,50,3,2,5,15,1,1,1,200000,1,0,1,10,8.6,5000,500,2,0.5,1,5,10,10,8000,800,,0.5,0,,,,,,,,0,0,,2.5,1.333333333,2.333333333,2,3,2.233333333,1,5,,,,,,3.6,2.33,1.5,2.4,2,2.5,2.39,0.6,-1,-2,-0.6,-1.333333333,-0.25,-0.763888889
1211,0,3,0,50,3,2,4,14,0,1,1,2500000,1,1,1,12,13,2000,166.67,0,1,0,,,,,,,0,0,,,,,,,,0,0,0,2.25,1.333333333,2.666666667,2,2,2.05,1,4,1,1,1,1,1,3,3.33,3.5,3,3.33,2.75,3.15,0.4,0,0,0.2,0.666666667,0.25,0.252777778
1211,0,3,0,50,3,2,4,14,0,1,1,2500000,1,0,1,12,12,2000,166.67,-0.83,1,-0.83,,,,,,,0,0,,,,,,,,0,0,,2.25,1.333333333,2.666666667,2,2,2.05,1,4,1,1,1,1,1,2.6,3.33,3.5,2.8,2.67,2.5,2.9,-1.8,0,0,-1.6,-1,-2.25,-1.108333333
1212,0,3,1,62,2,2,4,13,0,1,1,200000,0,1,7,1,30,1000,1000,0,1,0,,,,,,,0,0,,,,,,,,0,0,0,3,3,2,2,4,2.8,3,3,1,1,1,1,1,4.4,3.33,3.5,4.4,3.67,4.75,4.01,0.2,0.333333333,0,0.2,0,0,0.122222222
1212,0,3,1,62,2,2,4,13,0,1,1,200000,0,0,7,1,30,1000,1000,1,1,1,,,,,,,0,0,,,,,,,,0,0,,3,3,2,2,4,2.8,3,3,1,1,1,1,1,4.2,3,3.5,4.2,3.67,4.75,3.89,-0.55,-0.666666667,0.5,0.4,0.333333333,1,0.169444444
1213,1,3,1,50,3,2,4,30,1,1,1,130000,1,1,1,7,14,3500,500,0,0.41,0,5,10,9,500,50,-0.285714286,0.588235294,-0.168067227,,,,,,,,0,0,-0.084033613,1.75,3,2,1,4.5,2.45,4,3,1,1,1,1,1,4.75,3.67,3,3.8,3.33,3.75,3.72,-0.05,0,0,0,0,0.25,0.033333333
1213,1,3,1,50,3,2,4,30,1,1,1,130000,1,0,1,7,13,3500,500,-0.42,0.41,-0.17,5,10,7,700,70,,0.588235294,0,,,,,,,,0,0,,1.75,3,2,1,4.5,2.45,4,3,1,1,1,1,1,4.8,3.67,3,3.8,3.33,3.5,3.68,0.6,-0.333333333,-0.5,0,0.333333333,0,0.016666667
1214,1,3,1,71,2,2,5,36,0,1,1,80000,1,1,5,7,12,6000,857.14,0,1,0,,,,,,,0,0,,,,,,,,0,0,0,2.25,3,2,2.5,3,2.55,2,5,,,,,,4.2,4,3.5,3.8,3,3.5,3.67,0,0.333333333,0.5,0,0,0,0.138888889
1214,1,3,1,71,2,2,5,36,0,1,1,80000,1,0,5,7,12,6000,857.14,1.45,1,1.45,,,,,,,0,0,,,,,,,,0,0,,2.25,3,2,2.5,3,2.55,2,5,,,,,,4.2,3.67,3,3.8,3,3.5,3.53,-0.2,-1,-1.5,-0.2,-0.666666667,0,-0.594444444
1215,1,3,1,53,3,2,4,12,0,1,1,100000,1,1,1,8,14,2800,350,-0.07,1,-0.07,,,,,,,0,0,,,,,,,,0,0,-0.066666667,2,1,1,1,1,1.2,1,2,1,1,1,1,1,4.4,4.67,4.5,4,3.67,3.5,4.12,0.2,0,0,0,0,0,0.033333333
1215,1,3,1,53,3,2,4,12,0,1,1,100000,1,0,1,8,12,3000,375,-0.06,1,-0.06,,,,,,,0,0,,,,,,,,0,0,,2,1,1,1,1,1.2,1,2,1,1,1,1,1,4.2,4.67,4.5,4,3.67,3.5,4.09,-0.8,-0.333333333,-0.5,0,0.333333333,-0.5,-0.3
1216,1,3,1,74,2,2,6,20,0,1,1,90000,1,1,1,100,12,40000,400,0.33,1,0.33,,,,,,,0,0,,,,,,,,0,0,0.333333333,2,1,1,1,1,1.2,1,2,1,1,1,1,1,5,5,5,4,3.33,4,4.39,0,0,0,0,0,0,0
1216,1,3,1,74,2,2,6,20,0,1,1,90000,1,0,1,100,15,30000,300,-0.33,1,-0.33,,,,,,,0,0,,,,,,,,0,0,,2,1,1,1,1,1.2,1,2,1,1,1,1,1,5,5,5,4,3.33,4,4.39,0.4,0,1.5,-0.4,-1.333333333,-0.25,-0.013888889
1217,1,3,1,60,3,2,4,20,0,1,1,100000,1,1,1,11,40,4950,450,0.2,1,0.2,,,,,,,0,0,,,,,,,,0,0,0.2,2,2,2,1,1,1.6,1,4,1,1,1,1,1,4.6,5,3.5,4.4,4.67,4.25,4.4,0,0,0,0.2,0.333333333,0,0.088888889
1217,1,3,1,60,3,2,4,20,0,1,1,100000,1,0,1,11,40,4125,375,-0.54,1,-0.54,,,,,,,0,0,,,,,,,,0,0,,2,2,2,1,1,1.6,1,4,1,1,1,1,1,4.6,5,3.5,4.2,4.33,4.25,4.31,0,0,-1.5,-0.8,0.666666667,0,-0.272222222
1218,1,3,1,61,4,2,5,25,1,1,1,50000,1,1,1,10,25,8200,820,0.16,1,0.16,,,,,,,0,0,,,,,,,,0,0,0.156410256,1,1,2.333333333,1,1,1.266666667,1,5,,,,,,4.6,5,5,5,3.67,4.25,4.59,1,1,0,1,-0.333333333,0,0.444444444
1218,1,3,1,61,4,2,5,25,1,1,1,50000,1,0,1,11,40,7800,709.09,1.13,1,1.13,,,,,,,0,0,,,,,,,,0,0,,1,1,2.333333333,1,1,1.266666667,1,5,,,,,,3.6,4,5,4,4,4.25,4.14,-0.6,-1,0.75,0.2,1,0.5,0.141666667
1219,1,3,1,52,5,2,5,20,1,1,0,0,1,1,7,3,33,1000,333.33,0,0.38,0,7,2,100,1500,750,2.75,0.25,0.6875,7,1,3,5000,35,1666.666667,2.333333333,0.375,0.875,0.520833333,2.25,1.333333333,1,1,1,,1,5,,,,,,4.2,5,4.25,3.8,3,3.75,4,0,0,0,0,0,0.25,0.041666667
1219,1,3,1,52,5,2,5,20,1,1,0,0,1,0,7,3,33,1000,333.33,-0.17,0.38,-0.06,7,2,100,400,200,,0.25,0,7,1,3,1500,30,500,,0.375,0,,2.25,1.333333333,1,1,1,1.316666667,1,5,,,,,,4.2,5,4.25,3.8,3,3.5,3.96,-0.2,0,1,-1,-1,-0.5,-0.283333333
1220,1,3,1,80,2,2,5,40,1,1,1,240000,1,1,1,3,11,1200,400,0,1,0,,,,,,,0,0,,,,,,,,0,0,0,1,1,1,1.5,1,1.1,1,5,,,,,,4.4,5,3.25,4.8,4,4,4.24,0,0,0,0,0,0,0
1220,1,3,1,80,2,2,5,40,1,1,1,240000,1,0,1,3,11,1200,400,0.15,1,0.15,,,,,,,0,0,,,,,,,,0,0,,1,1,1,1.5,1,1.1,1,5,,,,,,4.4,5,3.25,4.8,4,4,4.24,-0.6,0.666666667,-1.5,-0.2,-1,-0.75,-0.563888889
1221,1,3,1,58,4,2,4,35,0,1,1,35000,1,1,1,15,13,5200,346.67,0,1,0,,,,,,,0,0,,,,,,,,0,0,0,1,1.666666667,1,1,1,1.133333333,1,4,1,1,1,1,1,5,4.33,4.75,5,5,4.75,4.81,0,0,0,0,0,0,0
1221,1,3,1,58,4,2,4,35,0,1,1,35000,1,0,1,15,13,5200,346.67,-0.9,1,-0.9,,,,,,,0,0,,,,,,,,0,0,,1,1.666666667,1,1,1,1.133333333,1,4,1,1,1,1,1,5,4.33,4.75,5,5,4.75,4.81,0.2,0.666666667,0.75,0.6,1.333333333,0.25,0.633333333
1222,1,3,1,61,3,2,4,35,0,1,1,100000,1,1,4,15,2.7,50000,3333.33,-0.09,1,-0.09,,,,,,,0,0,,,,,,,,0,0,-0.090909091,2.5,2.333333333,1,1,1,1.566666667,1,2,1,1,1,1,1,4.8,3.67,4,4.4,3.67,4.5,4.17,0,0,0.25,0.2,0,0,0.075
1222,1,3,1,61,3,2,4,35,0,1,1,100000,1,0,4,15,2.5,55000,3666.67,0.47,1,0.47,,,,,,,0,0,,,,,,,,0,0,,2.5,2.333333333,1,1,1,1.566666667,1,2,1,1,1,1,1,4.8,3.67,3.75,4.2,3.67,4.5,4.1,-0.2,-0.666666667,-1.25,-0.6,-1,-0.25,-0.661111111
1223,1,3,1,67,4,2,4,32,1,0,1,100000,1,1,7,25,15,62500,2500,-0.17,0.41,-0.07,1,10,30,5040,504,0,0.163934426,0,2,1,26,1300,20,50,0,0.426229508,0,-0.068306011,2,1.666666667,1.666666667,1,1,,4,2,1,1,1,1,1,5,4.33,5,4.8,4.67,4.75,4.76,0,0,0,0,0,0,0
1223,1,3,1,67,4,2,4,32,1,0,1,100000,1,0,7,25,13,75000,3000,2.75,0.41,1.13,1,10,30,5040,504,,0.163934426,0,2,1,26,1300,20,50,,0.426229508,0,,2,1.666666667,1.666666667,1,1,1.466666667,4,2,1,1,1,1,1,5,4.33,5,4.8,4.67,4.75,4.76,1,0.333333333,2,1,1.666666667,2.75,1.458333333
1224,1,3,0,36,5,2,2,13,0,1,1,300000,1,1,2,10,22,8000,800,-0.11,1,-0.11,,,,,,,0,0,,,,,,,,0,0,-0.111111111,2,1,1,1,1,1.2,1,5,,,,,,4,4,3,3.8,3,2,3.3,0.2,0,0,0.2,-0.333333333,0.25,0.052777778
1224,1,3,0,36,5,2,2,13,0,1,1,300000,1,0,2,10,23,9000,900,1.25,1,1.25,,,,,,,0,0,,,,,,,,0,0,,2,1,1,1,1,1.2,1,5,,,,,,3.8,4,3,3.6,3.33,1.75,3.25,-0.4,0,-0.25,-0.4,0,-1.5,-0.425
1225,1,3,1,61,2,2,4,15,0,1,1,100000,1,1,1,40,18.9,16000,400,0,1,0,,,,,,,0,0,,,,,,,,0,0,0,2.75,2.333333333,1.333333333,1,3.5,2.183333333,1,1,1,1,1,1,1,4.2,4,3.25,4,3.33,3.25,3.67,0,0.333333333,0.25,0.2,0,-0.25,0.088888889
1225,1,3,1,61,2,2,4,15,0,1,1,100000,1,0,1,40,21,16000,400,-0.05,1,-0.05,,,,,,,0,0,,,,,,,,0,0,,2.75,2.333333333,1.333333333,1,3.5,2.183333333,1,1,1,1,1,1,1,4.2,3.67,3,3.8,3.33,3.5,3.58,0,-0.333333333,-1,-0.2,0.333333333,0.25,-0.158333333
1227,1,3,1,50,4,2,2,20,0,0,1,55000,1,1,1,32,11,13440,420,0,1,0,,,,,,,0,0,,,,,,,,0,0,0,2,1.666666667,1.333333333,1,1,1.4,1,2,1,1,1,1,1,4.2,4,4,4,3,3.25,3.74,0,0,0,0,0,0,0
1227,1,3,1,50,4,2,2,20,0,0,1,55000,1,0,1,32,11,13440,420,-0.58,1,-0.58,,,,,,,0,0,,,,,,,,0,0,,2,1.666666667,1.333333333,1,1,1.4,1,2,1,1,1,1,1,4.2,4,4,4,3,3.25,3.74,-0.8,0.333333333,1.25,0,-0.333333333,-0.5,-0.008333333
1228,1,2,1,60,3,2,4,40,1,1,1,90000,1,1,1,7,26,7000,1000,0.08,1,0.08,,,,,,,0,0,,,,,,,,0,0,0.076923077,1.25,2.333333333,1.666666667,2,4,2.25,2,2,1,1,1,1,1,5,3.67,2.75,4,3.33,3.75,3.75,0,0.333333333,0.25,0,0.333333333,0,0.152777778
1228,1,2,1,60,3,2,4,40,1,1,1,90000,1,0,1,7,26,6500,928.57,-0.42,1,-0.42,,,,,,,0,0,,,,,,,,0,0,,1.25,2.333333333,1.666666667,2,4,2.25,2,2,1,1,1,1,1,5,3.33,2.5,4,3,3.75,3.6,0.8,-0.666666667,0.5,0.6,0.666666667,0,0.316666667
1229,1,2,1,61,3,2,4,18,0,1,1,100000,1,1,1,1,12,1610,1610,0.05,1,0.05,,,,,,,0,0,,,,,,,,0,0,0.045454545,1.75,1,1,2,2,1.55,1,2,1,1,1,1,1,4.2,4,2,3.4,2.33,3.75,3.28,0,0,0,0,0,0,0
1229,1,2,1,61,3,2,4,18,0,1,1,100000,1,0,1,1,11,1540,1540,0.62,1,0.62,,,,,,,0,0,,,,,,,,0,0,,1.75,1,1,2,2,1.55,1,2,1,1,1,1,1,4.2,4,2,3.4,2.33,3.75,3.28,0.4,0.333333333,-1,0,-0.666666667,0.75,-0.030555556
1230,1,2,0,50,5,2,4,27,1,1,1,100000,1,1,5,60,7,57000,950,0.14,1,0.14,,,,,,,0,0,,,,,,,,0,0,0.14,3.5,2.333333333,2.666666667,1,1,2.1,2,5,,,,,,3.8,3.67,3,3.4,3,3,3.31,0.2,0,0,0.8,0.333333333,-0.25,0.180555556
1230,1,2,0,50,5,2,4,27,1,1,1,100000,1,0,5,60,12,50000,833.33,0.04,1,0.04,,,,,,,0,0,,,,,,,,0,0,,3.5,2.333333333,2.666666667,1,1,2.1,2,5,,,,,,3.6,3.67,3,2.6,2.67,3.25,3.13,-0.6,0,0.5,-1,-0.333333333,0,-0.238888889
1231,1,2,0,50,5,2,4,10,1,1,1,120000,1,1,1,7,10,5600,800,0,1,0,,,,,,,0,0,,,,,,,,0,0,0,1.25,1,1.333333333,1,1,1.116666667,1,2,1,1,1,1,1,4.2,3.67,2.5,3.6,3,3.25,3.37,0,0,0,0,0,0.25,0.041666667
1231,1,2,0,50,5,2,4,10,1,1,1,120000,1,0,1,7,9,5600,800,0.44,1,0.44,,,,,,,0,0,,,,,,,,0,0,,1.25,1,1.333333333,1,1,1.116666667,1,2,1,1,1,1,1,4.2,3.67,2.5,3.6,3,3,3.33,0.6,-0.666666667,-1,0.4,0,-0.25,-0.152777778
1232,1,2,1,60,3,2,5,20,0,1,0,0,1,1,1,9,12,5000,555.56,-0.44,1,-0.44,,,,,,,0,0,,,,,,,,0,0,-0.444444444,1.5,1,2.333333333,1,1,1.366666667,4,5,,,,,,3.6,4.33,3.5,3.2,3,3.25,3.48,0,0,0,0,0,0,0
1232,1,2,1,60,3,2,5,20,0,1,0,0,1,0,1,4,10,4000,1000,2.33,1,2.33,,,,,,,0,0,,,,,,,,0,0,,1.5,1,2.333333333,1,1,1.366666667,4,5,,,,,,3.6,4.33,3.5,3.2,3,3.25,3.48,-0.8,0,-0.5,-0.8,-1,-1,-0.683333333
1233,1,2,0,60,3,2,4,20,0,1,1,95000,1,1,1,10,10,3000,300,0,0.5,0,6,10,22,1000,100,0,0.5,0,,,,,,,,0,0,0,2,1,1.666666667,1,1,1.333333333,1,5,,,,,,4.4,4.33,4,4,4,4.25,4.16,0,0,0,0,0,0,0
1233,1,2,0,60,3,2,4,20,0,1,1,95000,1,0,1,10,8,3000,300,-0.89,0.5,-0.44,6,10,17,1000,100,,0.5,0,,,,,,,,0,0,,2,1,1.666666667,1,1,1.333333333,1,5,,,,,,4.4,4.33,4,4,4,4.25,4.16,-0.6,-0.333333333,-0.25,-1,-1,-0.75,-0.655555556
1234,1,3,1,49,3,2,4,27,1,1,0,0,1,1,8,4,70,10800,2700,0,1,0,,,,,,,0,0,,,,,,,,0,0,0,1,1,2,1,1,1.2,1,2,1,1,1,1,1,5,4.67,4.25,5,5,5,4.82,0,0,0.25,0,0,0,0.041666667
1234,1,3,1,49,3,2,4,27,1,1,0,0,1,0,8,4,70,10800,2700,10.87,1,10.87,,,,,,,0,0,,,,,,,,0,0,,1,1,2,1,1,1.2,1,2,1,1,1,1,1,5,4.67,4,5,5,5,4.78,0,0,0,0.8,1,0.75,0.425
1235,1,3,1,50,3,2,4,27,0,0,1,150000,1,1,1,10,22,2275,227.5,0,1,0,,,,,,,0,0,,,,,,,,0,0,0,2,1,1,1,1,1.2,1,5,,,,,,5,4.67,4,4.2,4,4.25,4.35,0,0,0,0,0,0,0
1235,1,3,1,50,3,2,4,27,0,0,1,150000,1,0,1,10,22,2275,227.5,0.1,1,0.1,,,,,,,0,0,,,,,,,,0,0,,2,1,1,1,1,1.2,1,5,,,,,,5,4.67,4,4.2,4,4.25,4.35,0.8,0.666666667,-1,0.2,0.333333333,0.75,0.291666667
1236,1,3,1,47,5,2,6,9,0,0,1,110000,1,1,1,58,11,12000,206.9,-0.52,1,-0.52,,,,,,,0,0,,,,,,,,0,0,-0.52,2,1,1.666666667,1,1,1.333333333,1,2,1,1,1,1,1,4.2,4,5,4,3.67,3.5,4.06,0,0,0,0,0,0,0
1236,1,3,1,47,5,2,6,9,0,0,1,110000,1,0,1,58,11,25000,431.03,0.23,1,0.23,,,,,,,0,0,,,,,,,,0,0,,2,1,1.666666667,1,1,1.333333333,1,2,1,1,1,1,1,4.2,4,5,4,3.67,3.5,4.06,-0.4,0.333333333,0.5,0,-0.333333333,-0.25,-0.025
1237,1,3,1,61,2,2,6,20,0,1,0,0,1,1,1,20,18.2,7000,350,0,0.4,0,3,30,1200,400000,13333.33333,0,0.6,0,,,,,,,,0,0,0,1.25,2,1.666666667,1,1,1.383333333,1,2,1,1,1,1,1,4.6,3.67,4.5,4,4,3.75,4.09,0,0,0,0,0,0,0
1237,1,3,1,61,2,2,6,20,0,1,0,0,1,0,1,20,15,7000,350,-0.13,0.4,-0.05,3,30,1100,400000,13333.33333,,0.6,0,,,,,,,,0,0,,1.25,2,1.666666667,1,1,1.383333333,1,2,1,1,1,1,1,4.6,3.67,4.5,4,4,3.75,4.09,0.4,-0.333333333,1.75,1.2,1.333333333,0.5,0.808333333
1238,1,3,1,70,3,2,5,50,0,0,1,8400,1,1,1,10,14,4000,400,0,1,0,,,,,,,0,0,,,,,,,,0,0,0,2,1,1.666666667,1,1.5,1.433333333,1,5,,,,,,4.2,4,2.75,2.8,2.67,3.25,3.28,0,0,0,0,0,0,0
1238,1,3,1,70,3,2,5,50,0,0,1,8400,1,0,1,10,14,4000,400,-0.47,1,-0.47,,,,,,,0,0,,,,,,,,0,0,,2,1,1.666666667,1,1.5,1.433333333,1,5,,,,,,4.2,4,2.75,2.8,2.67,3.25,3.28,0,0,-1.25,-0.4,-0.333333333,0.5,-0.247222222
1239,1,3,1,51,3,2,4,30,0,0,1,70000,0,1,1,10,9,7500,750,0,1,0,,,,,,,0,0,,,,,,,,0,0,0,2,1,1.666666667,1,1,1.333333333,1,5,,,,,,4.2,4,4,3.2,3,2.75,3.53,0,0,0,0,0,0,0
1239,1,3,1,51,3,2,4,30,0,0,1,70000,0,0,1,10,9,7500,750,0.39,1,0.39,,,,,,,0,0,,,,,,,,0,0,,2,1,1.666666667,1,1,1.333333333,1,5,,,,,,4.2,4,4,3.2,3,2.75,3.53,-0.8,0.333333333,1,-0.6,0,-1,-0.177777778
1240,1,3,1,70,3,2,2,40,0,1,1,54000,1,1,1,55,18.4,29700,540,0.02,1,0.02,,,,,,,0,0,,,,,,,,0,0,0.018867925,1,2.333333333,1,1,1,1.266666667,2,5,,,,,,5,3.67,3,3.8,3,3.75,3.7,0,0,0,0,0,0,0
1240,1,3,1,70,3,2,2,40,0,1,1,54000,1,0,1,55,17.8,29150,530,0.89,1,0.89,,,,,,,0,0,,,,,,,,0,0,,1,2.333333333,1,1,1,1.266666667,2,5,,,,,,5,3.67,3,3.8,3,3.75,3.7,0.2,-1.333333333,-2,-0.6,-2,0.25,-0.913888889
1241,1,3,0,50,3,2,4,27,0,1,1,170000,1,1,1,50,15,14000,280,0.17,1,0.17,,,,,,,0,0,,,,,,,,0,0,0.166666667,2,1.333333333,1,1,2,1.466666667,3,3,1,1,1,1,1,4.8,5,5,4.4,5,3.5,4.62,0.2,0,0,0.2,0,0.25,0.108333333
1241,1,3,0,50,3,2,4,27,0,1,1,170000,1,0,1,50,13,12000,240,-0.43,1,-0.43,,,,,,,0,0,,,,,,,,0,0,,2,1.333333333,1,1,2,1.466666667,3,3,1,1,1,1,1,4.6,5,5,4.2,5,3.25,4.51,0,0.666666667,0,-0.4,1,-1,0.044444444
1242,1,3,1,53,4,2,5,26,0,1,1,100000,1,1,1,46,19.5,19320,420,0.11,1,0.11,,,,,,,0,0,,,,,,,,0,0,0.105263158,2.25,2.333333333,1.333333333,1,2.5,1.883333333,2,2,1,1,1,1,1,4.6,4.33,5,4.6,4,4.25,4.46,0,0,0,0,0,0,0
1242,1,3,1,53,4,2,5,26,0,1,1,100000,1,0,1,46,20,17480,380,-0.24,1,-0.24,,,,,,,0,0,,,,,,,,0,0,,2.25,2.333333333,1.333333333,1,2.5,1.883333333,2,2,1,1,1,1,1,4.6,4.33,5,4.6,4,4.25,4.46,-0.4,-0.666666667,0,0,0,0,-0.177777778
1243,1,3,0,52,5,3,3,19,0,1,1,250000,1,1,1,10,11,5000,500,0.25,1,0.25,,,,,,,0,0,,,,,,,,0,0,0.25,1.25,1,1,1,1,1.05,1,5,,,,,,5,5,5,4.6,4,4.25,4.64,0,0,0,0,0,0,0
1243,1,3,0,52,5,3,3,19,0,1,1,250000,1,0,1,10,13,4000,400,0.14,1,0.14,,,,,,,0,0,,,,,,,,0,0,,1.25,1,1,1,1,1.05,1,5,,,,,,5,5,5,4.6,4,4.25,4.64,0.8,1.666666667,2,1.2,1,1.25,1.319444444
1244,1,3,0,70,2,2,2,40,0,1,0,0,1,1,1,12,18.8,4200,350,-0.49,0.86,-0.42,5,2,10.9,2000,1000,0,0.142857143,0,,,,,,,,0,0,-0.418118467,2.25,1,1.666666667,1,1,1.383333333,1,4,1,1,1,1,1,4.2,3.33,3,3.4,3,3,3.32,0,0,0,0,0,0,0
1244,1,3,0,70,2,2,2,40,0,1,0,0,1,0,1,12,25,8200,683.33,0.37,0.86,0.31,5,2,12,2000,1000,,0.142857143,0,,,,,,,,0,0,,2.25,1,1.666666667,1,1,1.383333333,1,4,1,1,1,1,1,4.2,3.33,3,3.4,3,3,3.32,-0.8,-0.666666667,-1.5,-1,-1,-1.25,-1.036111111
1245,1,3,0,45,4,2,5,22,0,1,1,300000,1,1,1,50,25,25000,500,0,1,0,,,,,,,0,0,,,,,,,,0,0,0,2,2.333333333,1,1,3,1.866666667,4,2,1,1,1,1,1,5,4,4.5,4.4,4,4.25,4.36,0,0,0,0,0,0,0
1245,1,3,0,45,4,2,5,22,0,1,1,300000,1,0,1,50,25,25000,500,-0.83,1,-0.83,,,,,,,0,0,,,,,,,,0,0,,2,2.333333333,1,1,3,1.866666667,4,2,1,1,1,1,1,5,4,4.5,4.4,4,4.25,4.36,0.8,0,0,0.6,1,0.25,0.441666667
1246,1,3,0,51,3,2,4,30,0,1,1,60000,1,1,4,5,3,15000,3000,0,1,0,,,,,,,0,0,,,,,,,,0,0,0,2,2.333333333,1.666666667,1,1,1.6,1,4,1,1,1,1,1,4.2,4,4.5,3.8,3,4,3.92,0,0,0,0.2,0,0.25,0.075
1246,1,3,0,51,3,2,4,30,0,1,1,60000,1,0,4,5,2.8,15000,3000,3.29,1,3.29,,,,,,,0,0,,,,,,,,0,0,,2,2.333333333,1.666666667,1,1,1.6,1,4,1,1,1,1,1,4.2,4,4.5,3.6,3,3.75,3.84,-0.8,0,-0.5,-0.6,-1,0.25,-0.441666667
1247,1,3,1,57,3,2,5,27,1,1,1,120000,1,1,1,17,20,11900,700,0,1,0,,,,,,,0,0,,,,,,,,0,0,0,2,2.333333333,1,1,3,1.866666667,1,1,1,1,1,1,1,5,4,5,4.2,4,3.5,4.28,0,0,0,0,0,0,0
1247,1,3,1,57,3,2,5,27,1,1,1,120000,1,0,1,17,20,11900,700,1,1,1,,,,,,,0,0,,,,,,,,0,0,,2,2.333333333,1,1,3,1.866666667,1,1,1,1,1,1,1,5,4,5,4.2,4,3.5,4.28,0.4,0.333333333,1,0.2,0.333333333,0,0.377777778
1248,1,3,1,64,3,2,2,23,0,1,1,100000,1,1,1,20,18,7000,350,0.17,1,0.17,,,,,,,0,0,,,,,,,,0,0,0.166666667,2,2.333333333,1.666666667,1,1,1.6,1,4,1,1,1,1,1,4.6,3.67,4,4,3.67,3.5,3.91,0,0,0,0,0,0,0
1248,1,3,1,64,3,2,2,23,0,1,1,100000,1,0,1,20,18,6000,300,224,1,224,,,,,,,0,0,,,,,,,,0,0,,2,2.333333333,1.666666667,1,1,1.6,1,4,1,1,1,1,1,4.6,3.67,4,4,3.67,3.5,3.91,-0.4,-1.333333333,-1,-1,-1.333333333,-1.5,-1.094444444
2100,1,1,1,57,3,2,4,25,0,0,0,0,1,1,9,0.75,80,1,1.33,0,1,0,,,,,,,0,0,,,,,,,,0,0,0,1,1,1,1,1,1,1,2,1,1,1,1,0,5,5,5,5,5,5,5,0,0,0,0,0,0,0
2100,1,1,1,57,3,2,4,25,0,0,0,0,1,0,9,0.75,80,1,1.33,-1,1,-1,,,,,,,0,0,,,,,,,,0,0,,1,1,1,1,1,1,1,2,1,1,1,1,0,5,5,5,5,5,5,5,0,0,0,0,0,0,0
2101,1,1,1,54,5,2,5,40,0,0,0,0,1,1,1,53,22,104000,1962.26,-0.05,1,-0.05,,,,,,,0,0,,,,,,,,0,0,-0.054545455,1,1,1,1,1,1,1,2,1,1,1,1,0,5,5,5,5,5,5,5,1,2,1.25,0.4,0,0,0.775
2101,1,1,1,54,5,2,5,40,0,0,0,0,1,0,1,53,18,110000,2075.47,0.3,1,0.3,,,,,,,0,0,,,,,,,,0,0,,1,1,1,1,1,1,1,2,1,1,1,1,0,4,3,3.75,4.6,5,5,4.23,1,0.333333333,1.5,2.4,2.666666667,3,1.816666667
2120,1,5,1,60,1,3,3,40,0,1,0,0,1,1,1,10,8,16000,1600,0.23,1,0.23,,,,,,,0,0,,,,,,,,0,0,0.230769231,2,2.333333333,2,2,3.5,2.366666667,4,5,,,,,,3,2.67,2.25,2.2,2.33,2,2.41,0,0,0,0,0,0,0
2120,1,5,1,60,1,3,3,40,0,1,0,0,1,0,1,10,7,13000,1300,-0.57,1,-0.57,,,,,,,0,0,,,,,,,,0,0,,2,2.333333333,2,2,3.5,2.366666667,4,5,,,,,,3,2.67,2.25,2.2,2.33,2,2.41,-1.2,-1.333333333,-2,-1.8,-1.666666667,-3,-1.833333333
2121,1,5,1,65,4,2,4,30,0,0,1,480000,1,1,4,1,2,3000,3000,0.15,1,0.15,,,,,,,0,0,,,,,,,,0,0,0.153846154,1.75,1,1,1,1,1.15,1,5,,,,,,4.2,4,4.25,4,4,5,4.24,0,0,0,0,0,0,0
2121,1,5,1,65,4,2,4,30,0,0,1,480000,1,0,4,1,2,2600,2600,14.6,1,14.6,,,,,,,0,0,,,,,,,,0,0,,1.75,1,1,1,1,1.15,1,5,,,,,,4.2,4,4.25,4,4,5,4.24,0,-0.333333333,-0.25,-0.4,1.666666667,2,0.447222222
2122,1,5,0,56,1,2,5,20,0,1,1,480000,1,1,2,30,6,5000,166.67,0,1,0,,,,,,,0,0,,,,,,,,0,0,0,3.75,3,2.666666667,3,3,3.083333333,3,5,,,,,,4.2,4.33,4.5,4.4,2.33,3,3.79,0.2,1,1,1,0.333333333,0,0.588888889
2122,1,5,0,56,1,2,5,20,0,1,1,480000,1,0,2,30,6,5000,166.67,0.33,1,0.33,,,,,,,0,0,,,,,,,,0,0,,3.75,3,2.666666667,3,3,3.083333333,3,5,,,,,,4,3.33,3.5,3.4,2,3,3.21,0,0.333333333,0,0.4,-1.666666667,-1,-0.322222222
2123,1,5,1,65,4,2,4,30,0,0,0,0,1,1,1,16,9,2000,125,0,1,0,,,,,,,0,0,,,,,,,,0,0,0,1,1,1,1,5,1.8,4,5,,,,,,4,3,3.5,3,3.67,4,3.53,0,0,0,0,0,0,0
2123,1,5,1,65,4,2,4,30,0,0,0,0,1,0,1,16,9,2000,125,-0.9,1,-0.9,,,,,,,0,0,,,,,,,,0,0,,1,1,1,1,5,1.8,4,5,,,,,,4,3,3.5,3,3.67,4,3.53,0.6,-0.666666667,-0.25,-1,0,0,-0.219444444
2124,1,5,1,65,4,3,2,20,0,0,0,0,1,1,1,15,10,18000,1200,0,1,0,,,,,,,0,0,,,,,,,,0,0,0,1,1,1,1,1,1,1,5,,,,,,3.4,3.67,3.75,4,3.67,4,3.75,0,0,0,0,0,0,0
2124,1,5,1,65,4,3,2,20,0,0,0,0,1,0,1,15,10,18000,1200,5.18,1,5.18,,,,,,,0,0,,,,,,,,0,0,,1,1,1,1,1,1,1,5,,,,,,3.4,3.67,3.75,4,3.67,4,3.75,-1.2,-0.666666667,-1.25,-0.6,-1.003333333,1,-0.62
2125,1,5,1,50,4,2,4,30,0,0,0,0,1,1,2,70,6.5,13600,194.29,0.24,1,0.24,,,,,,,0,0,,,,,,,,0,0,0.236363636,2.5,2,2,2,2,2.1,2,5,,,,,,4.6,4.33,5,4.6,4.67,3,4.37,0,0,0,0,0.003333333,0,0.000555556
2125,1,5,1,50,4,2,4,30,0,0,0,0,1,0,2,70,6.5,11000,157.14,3.49,1,3.49,,,,,,,0,0,,,,,,,,0,0,,2.5,2,2,2,2,2.1,2,5,,,,,,4.6,4.33,5,4.6,4.67,3,4.37,1.8,1.666666667,2.25,2.4,2,0.25,1.727777778
2126,1,1,1,60,4,2,4,30,0,1,0,0,1,1,7,10,20,350,35,0,1,0,,,,,,,0,0,,,,,,,,0,0,0,1.5,3.333333333,2,2,4.5,2.666666667,4,5,,,,,,2.8,2.67,2.75,2.2,2.67,2.75,2.64,0,0,0,0,0,0,0
2126,1,1,1,60,4,2,4,30,0,1,0,0,1,0,7,10,15,350,35,-0.82,1,-0.82,,,,,,,0,0,,,,,,,,0,0,,1.5,3.333333333,2,2,4.5,2.666666667,4,5,,,,,,2.8,2.67,2.75,2.2,2.67,2.75,2.64,-0.8,-1.333333333,-1,-1.2,-1,-1.25,-1.097222222
2127,1,5,1,54,1,2,4,20,0,1,1,360000,1,1,2,73,6.5,13950,191.1,0.16,1,0.16,,,,,,,0,0,,,,,,,,0,0,0.1625,1,1,1,1,3,1.4,3,5,,,,,,3.6,4,3.75,3.4,3.67,4,3.74,0,0,0,0,0,0,0
2127,1,5,1,54,1,2,4,20,0,1,1,360000,1,0,2,73,6.5,12000,164.38,-0.73,1,-0.73,,,,,,,0,0,,,,,,,,0,0,,1,1,1,1,3,1.4,3,5,,,,,,3.6,4,3.75,3.4,3.67,4,3.74,-0.2,1,2.5,0.8,0.666666667,1,0.961111111
2128,1,1,1,65,1,2,4,20,0,0,1,400000,1,1,2,15,53,9000,600,0,1,0,,,,,,,0,0,,,,,,,,0,0,0,2,2,2,2,2,2,2,5,,,,,,3.8,3,1.25,2.6,3,3,2.78,0,0,0,0,0,0,0
2128,1,1,1,65,1,2,4,20,0,0,1,400000,1,0,2,15,60,9000,600,-0.63,1,-0.63,,,,,,,0,0,,,,,,,,0,0,,2,2,2,2,2,2,2,5,,,,,,3.8,3,1.25,2.6,3,3,2.78,0.8,0.333333333,-1,0.4,0.666666667,1,0.366666667
2129,1,5,1,60,1,3,3,40,0,1,0,0,1,1,1,10,8,16000,1600,0.23,1,0.23,,,,,,,0,0,,,,,,,,0,0,0.230769231,2,2.333333333,2,2,3.5,2.366666667,4,5,,,,,,3,2.67,2.25,2.2,2.33,2,2.41,0,0,0,0,0,0,0
2129,1,5,1,60,1,3,3,40,0,1,0,0,1,0,1,10,7,13000,1300,0.44,1,0.44,,,,,,,0,0,,,,,,,,0,0,,2,2.333333333,2,2,3.5,2.366666667,4,5,,,,,,3,2.67,2.25,2.2,2.33,2,2.41,-0.4,0,-0.25,-1.4,-0.333333333,-0.5,-0.480555556
2130,0,3,1,63,3,2,6,14,0,0,1,780000,0,1,1,15,14,13500,900,0.04,1,0.04,,,,,,,0,0,,,,,,,,0,0,0.038461538,1.5,1.333333333,1,1,2,1.366666667,1,4,1,1,1,1,1,3.4,2.67,2.5,3.6,2.67,2.5,2.89,0.8,-0.333333333,0,0.4,1,0.75,0.436111111
2130,0,3,1,63,3,2,6,14,0,0,1,780000,0,0,1,15,13.5,13000,866.67,-0.57,1,-0.57,,,,,,,0,0,,,,,,,,0,0,,1.5,1.333333333,1,1,2,1.366666667,1,4,1,1,1,1,1,2.6,3,2.5,3.2,1.67,1.75,2.45,-1.8,-1.666666667,-1.5,-0.8,-2.333333333,0.25,-1.308333333
701,0,1,1,31,2,1,2,10,1,1,0,0,0,1,1,50,10,100000,2000,0,1,0,,,,,,,0,0,,,,,,,,0,0,0,1.5,2.333333333,1.666666667,1.5,3,2,3,5,,,,,,4.4,4.67,4,4,4,1.5,3.76,0,0,0,0.2,0,0,0.033333333
701,0,1,1,31,2,1,2,10,1,1,0,0,0,0,1,50,10,100000,2000,#DIV/0!,1,#DIV/0!,,,,,,,0,0,,,,,,,,0,0,,1.5,2.333333333,1.666666667,1.5,3,2,3,5,,,,,,4.4,4.67,4,3.8,4,1.5,3.73,,,,,,,
